#
# There is insufficient memory for the Java Runtime Environment to continue.
# Native memory allocation (malloc) failed to allocate 1107584 bytes. Error detail: Chunk::new
# Possible reasons:
#   The system is out of physical RAM or swap space
#   This process is running with CompressedOops enabled, and the Java Heap may be blocking the growth of the native heap
# Possible solutions:
#   Reduce memory load on the system
#   Increase physical memory or swap space
#   Check if swap backing store is full
#   Decrease Java heap size (-Xmx/-Xms)
#   Decrease number of Java threads
#   Decrease Java thread stack sizes (-Xss)
#   Set larger code cache with -XX:ReservedCodeCacheSize=
#   JVM is running with Unscaled Compressed Oops mode in which the Java heap is
#     placed in the first 4GB address space. The Java Heap base address is the
#     maximum limit for the native heap growth. Please use -XX:HeapBaseMinAddress
#     to set the Java Heap base and to place the Java Heap above 4GB virtual address.
# This output file may be truncated or incomplete.
#
#  Out of Memory Error (arena.cpp:168), pid=22788, tid=5924
#
# JRE version: OpenJDK Runtime Environment Temurin-21.0.12.1+1 (21.0.12.1+1) (build 21.0.12.1+1-LTS)
# Java VM: OpenJDK 64-Bit Server VM Temurin-21.0.12.1+1 (21.0.12.1+1-LTS, mixed mode, sharing, tiered, compressed oops, compressed class ptrs, parallel gc, windows-amd64)
# No core dump will be written. Minidumps are not enabled by default on client versions of Windows
#

---------------  S U M M A R Y ------------

Command Line: --add-modules=ALL-SYSTEM --add-opens=java.base/java.util=ALL-UNNAMED --add-opens=java.base/java.lang=ALL-UNNAMED --add-opens=java.base/sun.nio.fs=ALL-UNNAMED -Declipse.application=org.eclipse.jdt.ls.core.id1 -Dosgi.bundles.defaultStartLevel=4 -Declipse.product=org.eclipse.jdt.ls.core.product -Djava.import.generatesMetadataFilesAtProjectRoot=false -Dm2e.project.cache.size=50 -DDetectVMInstallationsJob.disabled=true -Dfile.encoding=utf8 -XX:+UseParallelGC -XX:GCTimeRatio=4 -XX:AdaptiveSizePolicyWeight=90 -Dsun.zip.disableMemoryMapping=true -Xmx2G -Xms100m -Xlog:disable -javaagent:c:\Users\Aliya\.vscode\extensions\redhat.java-1.56.0-win32-x64\lombok\lombok-1.18.39-4050.jar -XX:+HeapDumpOnOutOfMemoryError -XX:HeapDumpPath=c:\Users\Aliya\AppData\Roaming\Code\User\workspaceStorage\8e600280ee92bb58369a79cee4cb6d61\redhat.java -Daether.dependencyCollector.impl=bf c:\Users\Aliya\.vscode\extensions\redhat.java-1.56.0-win32-x64\server\plugins\org.eclipse.equinox.launcher_1.8.0.v20260804-1928.jar -configuration c:\Users\Aliya\AppData\Roaming\Code\User\globalStorage\redhat.java\1.56.0\config_win -data c:\Users\Aliya\AppData\Roaming\Code\User\workspaceStorage\8e600280ee92bb58369a79cee4cb6d61\redhat.java\jdt_ws --stdio

Host: AMD Ryzen 5 5500U with Radeon Graphics         , 12 cores, 7G,  Windows 11 , 64 bit Build 26100 (10.0.26100.9444)
Time: Sat Sep 19 00:00:51 2026 elapsed time: 727.106192 seconds (0d 0h 12m 7s)

---------------  T H R E A D  ---------------

Current thread (0x000001ad6ff63890):  JavaThread "C2 CompilerThread0" daemon [_thread_in_native, id=5924, stack(0x0000001466300000,0x0000001466400000) (1024K)]


Current CompileTask:
C2:727106 19888       4       org.eclipse.jdt.internal.core.nd.java.model.BinaryModuleFactory::createDescriptor (138 bytes)

Stack: [0x0000001466300000,0x0000001466400000]
Native frames: (J=compiled Java code, j=interpreted, Vv=VM code, C=native code)
V  [jvm.dll+0x6d83e9]
V  [jvm.dll+0x8b5736]
V  [jvm.dll+0x8b7cee]
V  [jvm.dll+0x8b83d3]
V  [jvm.dll+0x284596]
V  [jvm.dll+0xc685d]
V  [jvm.dll+0xc6da1]
V  [jvm.dll+0x3bf18b]
V  [jvm.dll+0x1e3f42]
V  [jvm.dll+0x24c853]
V  [jvm.dll+0x24bce0]
V  [jvm.dll+0x1cb4ae]
V  [jvm.dll+0x25baad]
V  [jvm.dll+0x25a03a]
V  [jvm.dll+0x3f8aae]
V  [jvm.dll+0x8600cd]
V  [jvm.dll+0x6d6c1d]
C  [ucrtbase.dll+0x2cd30]
C  [KERNEL32.DLL+0x2cd87]
C  [ntdll.dll+0xacaec]


---------------  P R O C E S S  ---------------

Threads class SMR info:
_java_thread_list=0x000001ad5e8e5c30, length=664, elements={
0x000001ad6feafcb0, 0x000001ad6ff59ad0, 0x000001ad6ff5b540, 0x000001ad6ff5e5c0,
0x000001ad6ff5f430, 0x000001ad6ff60090, 0x000001ad6ff62b00, 0x000001ad6ff63890,
0x000001ad78d1ebb0, 0x000001ad78e9b480, 0x000001ad7e058bc0, 0x000001ad7e58cc20,
0x000001ad7e6506c0, 0x000001ad7eb1f250, 0x000001ad7e3fd3c0, 0x000001ad7e6971a0,
0x000001ad7f115da0, 0x000001ad7f0c1040, 0x000001ad7eb722a0, 0x000001ad7eb73650,
0x000001ad7eb74a00, 0x000001ad7eb75090, 0x000001ad5051ed40, 0x000001ad50520e10,
0x000001ad5051d990, 0x000001ad505200f0, 0x000001ad505214a0, 0x000001ad5051e020,
0x000001ad5051e6b0, 0x000001ad50524920, 0x000001ad50524fb0, 0x000001ad505221c0,
0x000001ad50523570, 0x000001ad5290e730, 0x000001ad5290ccf0, 0x000001ad5290d380,
0x000001ad5290bfd0, 0x000001ad5290f450, 0x000001ad52911bb0, 0x000001ad529128d0,
0x000001ad52912f60, 0x000001ad529135f0, 0x000001ad52911520, 0x000001ad52910170,
0x000001ad50522850, 0x000001ad50522ee0, 0x000001ad50521b30, 0x000001ad50524290,
0x000001ad7eb72fc0, 0x000001ad7eb73ce0, 0x000001ad52910800, 0x000001ad52910e90,
0x000001ad5d454e50, 0x000001ad5d4526f0, 0x000001ad5d4547c0, 0x000001ad5d4554e0,
0x000001ad5d453410, 0x000001ad5d454130, 0x000001ad5d456890, 0x000001ad5d455b70,
0x000001ad5d452d80, 0x000001ad5d456200, 0x000001ad5d453aa0, 0x000001ad5d458960,
0x000001ad5d4582d0, 0x000001ad5d4575b0, 0x000001ad5d457c40, 0x000001ad5d458ff0,
0x000001ad5d459680, 0x000001ad5d18ce40, 0x000001ad5d18c7b0, 0x000001ad5d18d4d0,
0x000001ad5d18a6e0, 0x000001ad5d18b400, 0x000001ad5d18ad70, 0x000001ad53c998e0,
0x000001ad53c96af0, 0x000001ad53c98bc0, 0x000001ad53c99250, 0x000001ad53c96460,
0x000001ad53c98530, 0x000001ad53c97180, 0x000001ad53c97810, 0x000001ad5d18ba90,
0x000001ad7f51c1a0, 0x000001ad7f51b480, 0x000001ad7f51e270, 0x000001ad7f51c830,
0x000001ad7f51cec0, 0x000001ad7f5209d0, 0x000001ad7f522aa0, 0x000001ad7f5216f0,
0x000001ad7f521d80, 0x000001ad7f51f620, 0x000001ad7f522410, 0x000001ad7f51ef90,
0x000001ad7f520340, 0x000001ad5d456f20, 0x000001ad5d18c120, 0x000001ad52912240,
0x000001ad53c97ea0, 0x000001ad54886df0, 0x000001ad548881a0, 0x000001ad54886760,
0x000001ad54888830, 0x000001ad54889550, 0x000001ad548860d0, 0x000001ad54887b10,
0x000001ad54887480, 0x000001ad7f51fcb0, 0x000001ad5d1eb6d0, 0x000001ad5d1eb040,
0x000001ad5d1e8f70, 0x000001ad5d1ebd60, 0x000001ad5d1ec3f0, 0x000001ad5d1e9c90,
0x000001ad5d1ea320, 0x000001ad5d1ea9b0, 0x000001ad54888ec0, 0x000001ad5ed19470,
0x000001ad5ed1c8f0, 0x000001ad5ed19b00, 0x000001ad5ed1a190, 0x000001ad5ed1aeb0,
0x000001ad5ed1bbd0, 0x000001ad5ed1a820, 0x000001ad5ed1c260, 0x000001ad5d1e9600,
0x000001ad52eb07c0, 0x000001ad52eaf410, 0x000001ad52eaed80, 0x000001ad52eafaa0,
0x000001ad52eb0130, 0x000001ad52eb14e0, 0x000001ad52eae060, 0x000001ad52eae6f0,
0x000001ad5380bf70, 0x000001ad5380ed60, 0x000001ad5380cc90, 0x000001ad5380c600,
0x000001ad5380e040, 0x000001ad5380e6d0, 0x000001ad5380d320, 0x000001ad5380b8e0,
0x000001ad53811b50, 0x000001ad538121e0, 0x000001ad53810e30, 0x000001ad538107a0,
0x000001ad5380f3f0, 0x000001ad53812f00, 0x000001ad5380fa80, 0x000001ad53810110,
0x000001ad53812870, 0x000001ad538114c0, 0x000001ad50523c00, 0x000001ad7f51d550,
0x000001ad5290edc0, 0x000001ad5ed1b540, 0x000001ad7f671520, 0x000001ad7f66f450,
0x000001ad7f66fae0, 0x000001ad7f670170, 0x000001ad7f671bb0, 0x000001ad7f670800,
0x000001ad7f670e90, 0x000001ad5d009060, 0x000001ad5d00b7c0, 0x000001ad5d00aaa0,
0x000001ad5d00be50, 0x000001ad5d00cb70, 0x000001ad5d00c4e0, 0x000001ad5d0096f0,
0x000001ad5d00d200, 0x000001ad5d00f960, 0x000001ad5d00d890, 0x000001ad5d00a410,
0x000001ad5d00fff0, 0x000001ad5d00ec40, 0x000001ad5d00e5b0, 0x000001ad5d010680,
0x000001ad5d010d10, 0x000001ad5d0113a0, 0x000001ad5d00df20, 0x000001ad5d0120c0,
0x000001ad5d012750, 0x000001ad5d00f2d0, 0x000001ad5d012de0, 0x000001ad5d014820,
0x000001ad5d014190, 0x000001ad5d014eb0, 0x000001ad5d015bd0, 0x000001ad5d016260,
0x000001ad5d015540, 0x000001ad5d0168f0, 0x000001ad5d013470, 0x000001ad5d013b00,
0x000001ad5d016f80, 0x000001ad5d018330, 0x000001ad5d017ca0, 0x000001ad5d017610,
0x000001ad5380d9b0, 0x000001ad7f672240, 0x000001ad7f66edc0, 0x000001ad547b0120,
0x000001ad547ae6e0, 0x000001ad547ad330, 0x000001ad547acca0, 0x000001ad547aed70,
0x000001ad547af400, 0x000001ad547b0e40, 0x000001ad547b07b0, 0x000001ad547ad9c0,
0x000001ad547b14d0, 0x000001ad547ae050, 0x000001ad547b21f0, 0x000001ad547b2f10,
0x000001ad547b35a0, 0x000001ad547b3c30, 0x000001ad547b4fe0, 0x000001ad547b1b60,
0x000001ad547b5670, 0x000001ad547b4950, 0x000001ad547b2880, 0x000001ad547b6390,
0x000001ad547b6a20, 0x000001ad547b70b0, 0x000001ad547b7740, 0x000001ad547b42c0,
0x000001ad547b9ea0, 0x000001ad547b9180, 0x000001ad547b8af0, 0x000001ad547babc0,
0x000001ad547b9810, 0x000001ad547ba530, 0x000001ad547b7dd0, 0x000001ad547b8460,
0x000001ad547bb250, 0x000001ad547bbf70, 0x000001ad547bb8e0, 0x000001ad5051fa60,
0x000001ad7f51bb10, 0x000001ad5d009d80, 0x000001ad5479ed60, 0x000001ad5479d320,
0x000001ad5479fa80, 0x000001ad5479e040, 0x000001ad5479cc90, 0x000001ad5479e6d0,
0x000001ad547a07a0, 0x000001ad5479f3f0, 0x000001ad547a0110, 0x000001ad5479d9b0,
0x000001ad547a3590, 0x000001ad547a21e0, 0x000001ad547a4940, 0x000001ad547a3c20,
0x000001ad547a14c0, 0x000001ad547a2870, 0x000001ad547a2f00, 0x000001ad547a0e30,
0x000001ad547a4fd0, 0x000001ad547a1b50, 0x000001ad547a5cf0, 0x000001ad547a5660,
0x000001ad547a9800, 0x000001ad547a7dc0, 0x000001ad547a7730, 0x000001ad547a42b0,
0x000001ad547a6380, 0x000001ad547a9e90, 0x000001ad547a8450, 0x000001ad547aa520,
0x000001ad547a6a10, 0x000001ad547aabb0, 0x000001ad547ab8d0, 0x000001ad547ab240,
0x000001ad547abf60, 0x000001ad547afa90, 0x000001ad530a8c90, 0x000001ad530a7f70,
0x000001ad530aa6d0, 0x000001ad530a99b0, 0x000001ad530a8600, 0x000001ad530ac110,
0x000001ad530a9320, 0x000001ad530aad60, 0x000001ad530aba80, 0x000001ad530aa040,
0x000001ad530ae1e0, 0x000001ad530ab3f0, 0x000001ad530ae870, 0x000001ad530ad4c0,
0x000001ad530aef00, 0x000001ad530adb50, 0x000001ad530ac7a0, 0x000001ad530ace30,
0x000001ad547a70a0, 0x000001ad53d05350, 0x000001ad53d06d90, 0x000001ad53d07ab0,
0x000001ad53d07420, 0x000001ad53d08140, 0x000001ad53d087d0, 0x000001ad53d059e0,
0x000001ad53d094f0, 0x000001ad53d06070, 0x000001ad53d0bc50, 0x000001ad53d09b80,
0x000001ad53d06700, 0x000001ad53d0a210, 0x000001ad53d0a8a0, 0x000001ad53d0c2e0,
0x000001ad53d0af30, 0x000001ad53d08e60, 0x000001ad53d0f760, 0x000001ad53d0fdf0,
0x000001ad53d0d690, 0x000001ad53d0ea40, 0x000001ad53d0c970, 0x000001ad53d10480,
0x000001ad53d0d000, 0x000001ad53d10b10, 0x000001ad53d0f0d0, 0x000001ad53d13900,
0x000001ad53d13f90, 0x000001ad53d111a0, 0x000001ad53d0dd20, 0x000001ad53d14620,
0x000001ad53d14cb0, 0x000001ad53d11830, 0x000001ad53d13270, 0x000001ad53d15340,
0x000001ad53d12550, 0x000001ad530af590, 0x000001ad53d11ec0, 0x000001ad53d12be0,
0x000001ad548e8730, 0x000001ad548e8dc0, 0x000001ad548e7a10, 0x000001ad548e6cf0,
0x000001ad548e80a0, 0x000001ad548e9450, 0x000001ad548ea170, 0x000001ad548ea800,
0x000001ad548e9ae0, 0x000001ad548e7380, 0x000001ad548e6660, 0x000001ad548eae90,
0x000001ad548ec8d0, 0x000001ad548ee9a0, 0x000001ad548eb520, 0x000001ad548ebbb0,
0x000001ad548ed5f0, 0x000001ad548ef6c0, 0x000001ad548ec240, 0x000001ad548f03e0,
0x000001ad548ef030, 0x000001ad548efd50, 0x000001ad548ecf60, 0x000001ad548f1100,
0x000001ad548edc80, 0x000001ad548f1790, 0x000001ad548ee310, 0x000001ad548f1e20,
0x000001ad548f3ef0, 0x000001ad548f3860, 0x000001ad548f0a70, 0x000001ad548f31d0,
0x000001ad548f5930, 0x000001ad548f4c10, 0x000001ad548f2b40, 0x000001ad548f4580,
0x000001ad548f24b0, 0x000001ad548f8090, 0x000001ad548f5fc0, 0x000001ad548f8720,
0x000001ad548f9440, 0x000001ad548f8db0, 0x000001ad548f7370, 0x000001ad548f9ad0,
0x000001ad548f7a00, 0x000001ad548f6650, 0x000001ad548fd5e0, 0x000001ad548fcf50,
0x000001ad548fa160, 0x000001ad548fa7f0, 0x000001ad548fc230, 0x000001ad548fae80,
0x000001ad548fb510, 0x000001ad548fe990, 0x000001ad548ff020, 0x000001ad548fbba0,
0x000001ad548ff6b0, 0x000001ad54900a60, 0x000001ad548ffd40, 0x000001ad548fc8c0,
0x000001ad549024a0, 0x000001ad54901780, 0x000001ad549010f0, 0x000001ad54901e10,
0x000001ad54902b30, 0x000001ad549031c0, 0x000001ad54903ee0, 0x000001ad54903850,
0x000001ad549003d0, 0x000001ad54904c00, 0x000001ad54905290, 0x000001ad53d0b5c0,
0x000001ad5cdab6b0, 0x000001ad5cda8230, 0x000001ad5cda88c0, 0x000001ad5cdaa300,
0x000001ad5cda8f50, 0x000001ad5cdabd40, 0x000001ad5cda9c70, 0x000001ad5cda95e0,
0x000001ad5cdad0f0, 0x000001ad5cdaa990, 0x000001ad5cdab020, 0x000001ad5cd912b0,
0x000001ad5cd8f870, 0x000001ad5cd8eb50, 0x000001ad5cd8f1e0, 0x000001ad5cd90c20,
0x000001ad5cd8e4c0, 0x000001ad5cd8ff00, 0x000001ad5cd90590, 0x000001ad5cd8de30,
0x000001ad5cd92660, 0x000001ad5cd91fd0, 0x000001ad5cd92cf0, 0x000001ad5cd91940,
0x000001ad5cd96800, 0x000001ad5cd94730, 0x000001ad5cd95450, 0x000001ad5cd95ae0,
0x000001ad5cd96170, 0x000001ad5cd93a10, 0x000001ad5cd93380, 0x000001ad5cd97bb0,
0x000001ad5cd98240, 0x000001ad5cd97520, 0x000001ad5cd988d0, 0x000001ad5cd98f60,
0x000001ad5cd995f0, 0x000001ad5cd9a310, 0x000001ad5cd940a0, 0x000001ad5cd99c80,
0x000001ad5cd96e90, 0x000001ad5cd9b030, 0x000001ad5cd9c3e0, 0x000001ad5cd9b6c0,
0x000001ad5cd9ca70, 0x000001ad5cd9eb40, 0x000001ad5cd9d100, 0x000001ad5cd9d790,
0x000001ad5cd9bd50, 0x000001ad5cd94dc0, 0x000001ad5cd9f860, 0x000001ad5cd9e4b0,
0x000001ad5cd9f1d0, 0x000001ad5cda0580, 0x000001ad5cda0c10, 0x000001ad5cda12a0,
0x000001ad5cd9de20, 0x000001ad5cda2650, 0x000001ad5cda4720, 0x000001ad5cda1fc0,
0x000001ad5cda3370, 0x000001ad5cd9fef0, 0x000001ad5cda5440, 0x000001ad5cda4090,
0x000001ad5cda5ad0, 0x000001ad5cda6160, 0x000001ad5cda67f0, 0x000001ad5cd9a9a0,
0x000001ad5cda1930, 0x000001ad5cda6e80, 0x000001ad5cda7510, 0x000001ad5cda7ba0,
0x000001ad5cdaca60, 0x000001ad5290da10, 0x000001ad7eb74370, 0x000001ad548e5fd0,
0x000001ad548fdc70, 0x000001ad5cda3a00, 0x000001ad5051f3d0, 0x000001ad7eb72930,
0x000001ad53d0e3b0, 0x000001ad511adac0, 0x000001ad511ac080, 0x000001ad511ac710,
0x000001ad511ad430, 0x000001ad511ab360, 0x000001ad511b0f40, 0x000001ad511b15d0,
0x000001ad511b08b0, 0x000001ad511b22f0, 0x000001ad511b0220, 0x000001ad511b1c60,
0x000001ad511aee70, 0x000001ad511ae150, 0x000001ad511ab9f0, 0x000001ad511b2980,
0x000001ad511af500, 0x000001ad511afb90, 0x000001ad511b43c0, 0x000001ad511b36a0,
0x000001ad511b6490, 0x000001ad511b6b20, 0x000001ad511b50e0, 0x000001ad511b5e00,
0x000001ad511b71b0, 0x000001ad511b3d30, 0x000001ad511b7ed0, 0x000001ad511b8560,
0x000001ad511b7840, 0x000001ad511b8bf0, 0x000001ad511b9910, 0x000001ad548f52a0,
0x000001ad511b3010, 0x000001ad511b9fa0, 0x000001ad5290e0a0, 0x000001ad5cda2ce0,
0x000001ad54a9d530, 0x000001ad54a9b460, 0x000001ad54a9cea0, 0x000001ad54a9ef70,
0x000001ad54a9e250, 0x000001ad54a9c810, 0x000001ad54a9f600, 0x000001ad54a9c180,
0x000001ad54a9fc90, 0x000001ad54aa0320, 0x000001ad54a816f0, 0x000001ad54a81d80,
0x000001ad54a83e50, 0x000001ad54a81060, 0x000001ad54a9baf0, 0x000001ad54a9dbc0,
0x000001ad54a85890, 0x000001ad54a82aa0, 0x000001ad54a83130, 0x000001ad54a82410,
0x000001ad54a84b70, 0x000001ad54a865b0, 0x000001ad54a86c40, 0x000001ad54a85f20,
0x000001ad54a85200, 0x000001ad54a837c0, 0x000001ad54a872d0, 0x000001ad54a87960,
0x000001ad54a844e0, 0x000001ad54a8a750, 0x000001ad54a8a0c0, 0x000001ad54a89a30,
0x000001ad54a8b470, 0x000001ad54a87ff0, 0x000001ad54a88d10, 0x000001ad54a8ade0,
0x000001ad54a8bb00, 0x000001ad54a8ef80, 0x000001ad54a8dbd0, 0x000001ad54a8c820,
0x000001ad54a8e260, 0x000001ad54a8e8f0, 0x000001ad54a8f610, 0x000001ad54a8c190,
0x000001ad54a8fca0, 0x000001ad54a8ceb0, 0x000001ad54a909c0, 0x000001ad54a93120,
0x000001ad54a916e0, 0x000001ad54a92400, 0x000001ad54a92a90, 0x000001ad54a91050,
0x000001ad54a937b0, 0x000001ad54a91d70, 0x000001ad54a965a0, 0x000001ad54a96c30,
0x000001ad54a93e40, 0x000001ad54a951f0, 0x000001ad54a97950, 0x000001ad54a944d0,
0x000001ad54a97fe0, 0x000001ad54a94b60, 0x000001ad54a99a20, 0x000001ad54a9a740,
0x000001ad54a98d00, 0x000001ad54a9a0b0, 0x000001ad511aacd0, 0x000001ad54a9e8e0,
0x000001ad54a99390, 0x000001ad54ed8ce0, 0x000001ad54ed5860, 0x000001ad54ed6c10,
0x000001ad54ed7fc0, 0x000001ad54ed9370, 0x000001ad54ed6580, 0x000001ad54ed5ef0,
0x000001ad54edc7f0, 0x000001ad54edce80, 0x000001ad54ed9a00, 0x000001ad54ee0990,
0x000001ad54ede8c0, 0x000001ad54edfc70, 0x000001ad54edef50, 0x000001ad54ee0300,
0x000001ad54edd510, 0x000001ad54edadb0, 0x000001ad54ee1020, 0x000001ad54edf5e0,
0x000001ad54ede230, 0x000001ad54ee3780, 0x000001ad54ee3e10, 0x000001ad54ee30f0,
0x000001ad54ee44a0, 0x000001ad54ee4b30, 0x000001ad54ee16b0, 0x000001ad54eddba0,
0x000001ad54ee1d40, 0x000001ad54ee2a60, 0x000001ad54ee9360, 0x000001ad54ee5ee0,
0x000001ad54ee7fb0, 0x000001ad54ef23c0, 0x000001ad54ef02f0, 0x000001ad54a90330,
0x000001ad511b5770, 0x000001ad5e8c17b0, 0x000001ad5e8bf050, 0x000001ad5e8c1120,
0x000001ad5e8c2b60, 0x000001ad5e8c6670, 0x000001ad5e8c6d00, 0x000001ad5e8c31f0,
0x000001ad5e8be9c0, 0x000001ad5e8be330, 0x000001ad5e8c24d0, 0x000001ad5e8c3880,
0x000001ad5e8c7390, 0x000001ad5e8c3f10, 0x000001ad5e8c52c0, 0x000001ad5e8c80b0,
0x000001ad5e8c7a20, 0x000001ad5e8c4c30, 0x000001ad5e8c8dd0, 0x000001ad5e8cb530,
0x000001ad5e8cbbc0, 0x000001ad5e8c8740, 0x000001ad5e8cc250, 0x000001ad5e8ca180,
0x000001ad5e8cc8e0, 0x000001ad5e8cd600, 0x000001ad5e8ce320, 0x000001ad5e8cf6d0,
0x000001ad5e8d03f0, 0x000001ad5e8c5fe0, 0x000001ad5e8c0400, 0x000001ad5e8bfd70,
0x000001ad5e8c45a0, 0x000001ad5e8c9af0, 0x000001ad5e8caea0, 0x000001ad5ce5b0c0
}

Java Threads: ( => current thread )
  0x000001ad6feafcb0 JavaThread "main"                              [_thread_blocked, id=17468, stack(0x0000001465900000,0x0000001465a00000) (1024K)]
  0x000001ad6ff59ad0 JavaThread "Reference Handler"          daemon [_thread_blocked, id=3400, stack(0x0000001465d00000,0x0000001465e00000) (1024K)]
  0x000001ad6ff5b540 JavaThread "Finalizer"                  daemon [_thread_blocked, id=20512, stack(0x0000001465e00000,0x0000001465f00000) (1024K)]
  0x000001ad6ff5e5c0 JavaThread "Signal Dispatcher"          daemon [_thread_blocked, id=21748, stack(0x0000001465f00000,0x0000001466000000) (1024K)]
  0x000001ad6ff5f430 JavaThread "Attach Listener"            daemon [_thread_blocked, id=2080, stack(0x0000001466000000,0x0000001466100000) (1024K)]
  0x000001ad6ff60090 JavaThread "Service Thread"             daemon [_thread_blocked, id=17460, stack(0x0000001466100000,0x0000001466200000) (1024K)]
  0x000001ad6ff62b00 JavaThread "Monitor Deflation Thread"   daemon [_thread_blocked, id=9020, stack(0x0000001466200000,0x0000001466300000) (1024K)]
=>0x000001ad6ff63890 JavaThread "C2 CompilerThread0"         daemon [_thread_in_native, id=5924, stack(0x0000001466300000,0x0000001466400000) (1024K)]
  0x000001ad78d1ebb0 JavaThread "C1 CompilerThread0"         daemon [_thread_blocked, id=9324, stack(0x0000001466400000,0x0000001466500000) (1024K)]
  0x000001ad78e9b480 JavaThread "Common-Cleaner"             daemon [_thread_blocked, id=22240, stack(0x0000001466500000,0x0000001466600000) (1024K)]
  0x000001ad7e058bc0 JavaThread "Notification Thread"        daemon [_thread_blocked, id=16732, stack(0x0000001466600000,0x0000001466700000) (1024K)]
  0x000001ad7e58cc20 JavaThread "Active Thread: Equinox Container: cf917f7d-38d0-4366-b31a-99f0651389ff"        [_thread_blocked, id=10392, stack(0x0000001466d00000,0x0000001466e00000) (1024K)]
  0x000001ad7e6506c0 JavaThread "Refresh Thread: Equinox Container: cf917f7d-38d0-4366-b31a-99f0651389ff" daemon [_thread_blocked, id=3344, stack(0x0000001466f00000,0x0000001467000000) (1024K)]
  0x000001ad7eb1f250 JavaThread "Framework Event Dispatcher: Equinox Container: cf917f7d-38d0-4366-b31a-99f0651389ff" daemon [_thread_blocked, id=15316, stack(0x0000001467000000,0x0000001467100000) (1024K)]
  0x000001ad7e3fd3c0 JavaThread "Start Level: Equinox Container: cf917f7d-38d0-4366-b31a-99f0651389ff" daemon [_thread_blocked, id=22904, stack(0x0000001467100000,0x0000001467200000) (1024K)]
  0x000001ad7e6971a0 JavaThread "Bundle File Closer"         daemon [_thread_blocked, id=1736, stack(0x0000001467400000,0x0000001467500000) (1024K)]
  0x000001ad7f115da0 JavaThread "SCR Component Actor"        daemon [_thread_blocked, id=18596, stack(0x0000001467500000,0x0000001467600000) (1024K)]
  0x000001ad7f0c1040 JavaThread "Worker-JM"                         [_thread_blocked, id=18036, stack(0x0000001467600000,0x0000001467700000) (1024K)]
  0x000001ad7eb722a0 JavaThread "Worker-2: Initialize workspace"        [_thread_blocked, id=12480, stack(0x0000001467900000,0x0000001467a00000) (1024K)]
  0x000001ad7eb73650 JavaThread "Java indexing"              daemon [_thread_blocked, id=21224, stack(0x0000001467b00000,0x0000001467c00000) (1024K)]
  0x000001ad7eb74a00 JavaThread "JNA Cleaner"                daemon [_thread_blocked, id=11332, stack(0x0000001467c00000,0x0000001467d00000) (1024K)]
  0x000001ad7eb75090 JavaThread "Worker-5: Initialize workspace"        [_thread_blocked, id=13688, stack(0x0000001468000000,0x0000001468100000) (1024K)]
  0x000001ad5051ed40 JavaThread "pool-2-thread-1"                   [_thread_blocked, id=10096, stack(0x0000001468100000,0x0000001468200000) (1024K)]
  0x000001ad50520e10 JavaThread "WorkspaceEventsHandler"            [_thread_blocked, id=11348, stack(0x0000001468200000,0x0000001468300000) (1024K)]
  0x000001ad5051d990 JavaThread "pool-1-thread-1"                   [_thread_blocked, id=18500, stack(0x0000001468300000,0x0000001468400000) (1024K)]
  0x000001ad505200f0 JavaThread "Timer-0"                           [_thread_blocked, id=12388, stack(0x0000001468500000,0x0000001468600000) (1024K)]
  0x000001ad505214a0 JavaThread "Timer-1"                           [_thread_blocked, id=14016, stack(0x0000001468600000,0x0000001468700000) (1024K)]
  0x000001ad5051e020 JavaThread "Timer-2"                           [_thread_blocked, id=7284, stack(0x0000001468700000,0x0000001468800000) (1024K)]
  0x000001ad5051e6b0 JavaThread "LocalFile Deleter"          daemon [_thread_blocked, id=18000, stack(0x0000001468900000,0x0000001468a00000) (1024K)]
  0x000001ad50524920 JavaThread "LocalFile Deleter"          daemon [_thread_blocked, id=17692, stack(0x0000001468a00000,0x0000001468b00000) (1024K)]
  0x000001ad50524fb0 JavaThread "LocalFile Deleter"          daemon [_thread_blocked, id=16180, stack(0x0000001468b00000,0x0000001468c00000) (1024K)]
  0x000001ad505221c0 JavaThread "Timer-3"                           [_thread_blocked, id=17280, stack(0x0000001468c00000,0x0000001468d00000) (1024K)]
  0x000001ad50523570 JavaThread "Timer-4"                           [_thread_blocked, id=22604, stack(0x0000001468d00000,0x0000001468e00000) (1024K)]
  0x000001ad5290e730 JavaThread "Timer-5"                           [_thread_blocked, id=916, stack(0x0000001465600000,0x0000001465700000) (1024K)]
  0x000001ad5290ccf0 JavaThread "Timer-6"                           [_thread_blocked, id=15172, stack(0x0000001465800000,0x0000001465900000) (1024K)]
  0x000001ad5290d380 JavaThread "Timer-7"                           [_thread_blocked, id=12808, stack(0x0000001467700000,0x0000001467800000) (1024K)]
  0x000001ad5290bfd0 JavaThread "Timer-8"                           [_thread_blocked, id=5632, stack(0x0000001467800000,0x0000001467900000) (1024K)]
  0x000001ad5290f450 JavaThread "Worker-6: Initialize workspace"        [_thread_blocked, id=15068, stack(0x0000001465700000,0x0000001465800000) (1024K)]
  0x000001ad52911bb0 JavaThread "LocalFile Deleter"          daemon [_thread_blocked, id=12996, stack(0x0000001467f00000,0x0000001468000000) (1024K)]
  0x000001ad529128d0 JavaThread "Timer-9"                           [_thread_blocked, id=14760, stack(0x0000001468e00000,0x0000001468f00000) (1024K)]
  0x000001ad52912f60 JavaThread "Timer-10"                          [_thread_blocked, id=18848, stack(0x0000001468f00000,0x0000001469000000) (1024K)]
  0x000001ad529135f0 JavaThread "Timer-11"                          [_thread_blocked, id=13892, stack(0x0000001469000000,0x0000001469100000) (1024K)]
  0x000001ad52911520 JavaThread "Timer-12"                          [_thread_blocked, id=21348, stack(0x0000001469100000,0x0000001469200000) (1024K)]
  0x000001ad52910170 JavaThread "Timer-13"                          [_thread_blocked, id=21672, stack(0x0000001469200000,0x0000001469300000) (1024K)]
  0x000001ad50522850 JavaThread "Worker-8: Initialize workspace"        [_thread_blocked, id=15036, stack(0x0000001469600000,0x0000001469700000) (1024K)]
  0x000001ad50522ee0 JavaThread "Timer-14"                          [_thread_blocked, id=19028, stack(0x0000001469400000,0x0000001469500000) (1024K)]
  0x000001ad50521b30 JavaThread "Timer-15"                          [_thread_blocked, id=15312, stack(0x0000001469500000,0x0000001469600000) (1024K)]
  0x000001ad50524290 JavaThread "Worker-9: Initialize workspace"        [_thread_blocked, id=3036, stack(0x0000001469800000,0x0000001469900000) (1024K)]
  0x000001ad7eb72fc0 JavaThread "LocalFile Deleter"          daemon [_thread_blocked, id=252, stack(0x0000001469900000,0x0000001469a00000) (1024K)]
  0x000001ad7eb73ce0 JavaThread "Timer-16"                          [_thread_blocked, id=18576, stack(0x0000001469700000,0x0000001469800000) (1024K)]
  0x000001ad52910800 JavaThread "LocalFile Deleter"          daemon [_thread_blocked, id=20460, stack(0x0000001468800000,0x0000001468900000) (1024K)]
  0x000001ad52910e90 JavaThread "LocalFile Deleter"          daemon [_thread_blocked, id=492, stack(0x0000001469a00000,0x0000001469b00000) (1024K)]
  0x000001ad5d454e50 JavaThread "Timer-17"                          [_thread_blocked, id=15160, stack(0x0000001469d00000,0x0000001469e00000) (1024K)]
  0x000001ad5d4526f0 JavaThread "Timer-18"                          [_thread_blocked, id=20044, stack(0x0000001469e00000,0x0000001469f00000) (1024K)]
  0x000001ad5d4547c0 JavaThread "Timer-19"                          [_thread_blocked, id=14484, stack(0x0000001469f00000,0x000000146a000000) (1024K)]
  0x000001ad5d4554e0 JavaThread "Timer-20"                          [_thread_blocked, id=22596, stack(0x000000146a000000,0x000000146a100000) (1024K)]
  0x000001ad5d453410 JavaThread "Timer-21"                          [_thread_blocked, id=10068, stack(0x000000146a100000,0x000000146a200000) (1024K)]
  0x000001ad5d454130 JavaThread "Worker-10: Initialize workspace"        [_thread_blocked, id=2716, stack(0x000000146a400000,0x000000146a500000) (1024K)]
  0x000001ad5d456890 JavaThread "Worker-12: Initialize workspace"        [_thread_blocked, id=13428, stack(0x000000146a600000,0x000000146a700000) (1024K)]
  0x000001ad5d455b70 JavaThread "Timer-22"                          [_thread_blocked, id=15304, stack(0x000000146a200000,0x000000146a300000) (1024K)]
  0x000001ad5d452d80 JavaThread "Timer-23"                          [_thread_blocked, id=17812, stack(0x000000146a300000,0x000000146a400000) (1024K)]
  0x000001ad5d456200 JavaThread "Timer-24"                          [_thread_blocked, id=12180, stack(0x000000146a700000,0x000000146a800000) (1024K)]
  0x000001ad5d453aa0 JavaThread "Timer-25"                          [_thread_blocked, id=19972, stack(0x0000001469c00000,0x0000001469d00000) (1024K)]
  0x000001ad5d458960 JavaThread "Timer-26"                          [_thread_blocked, id=17644, stack(0x000000146a800000,0x000000146a900000) (1024K)]
  0x000001ad5d4582d0 JavaThread "Timer-27"                          [_thread_blocked, id=23204, stack(0x000000146aa00000,0x000000146ab00000) (1024K)]
  0x000001ad5d4575b0 JavaThread "Timer-28"                          [_thread_blocked, id=17540, stack(0x000000146a900000,0x000000146aa00000) (1024K)]
  0x000001ad5d457c40 JavaThread "Timer-29"                          [_thread_blocked, id=8128, stack(0x000000146ab00000,0x000000146ac00000) (1024K)]
  0x000001ad5d458ff0 JavaThread "Timer-30"                          [_thread_blocked, id=21712, stack(0x000000146ac00000,0x000000146ad00000) (1024K)]
  0x000001ad5d459680 JavaThread "Timer-31"                          [_thread_blocked, id=4588, stack(0x000000146ad00000,0x000000146ae00000) (1024K)]
  0x000001ad5d18ce40 JavaThread "Timer-32"                          [_thread_blocked, id=22304, stack(0x000000146ae00000,0x000000146af00000) (1024K)]
  0x000001ad5d18c7b0 JavaThread "Timer-33"                          [_thread_blocked, id=6404, stack(0x000000146af00000,0x000000146b000000) (1024K)]
  0x000001ad5d18d4d0 JavaThread "Timer-34"                          [_thread_blocked, id=10820, stack(0x000000146b000000,0x000000146b100000) (1024K)]
  0x000001ad5d18a6e0 JavaThread "Timer-35"                          [_thread_blocked, id=12340, stack(0x000000146b200000,0x000000146b300000) (1024K)]
  0x000001ad5d18b400 JavaThread "Timer-36"                          [_thread_blocked, id=22296, stack(0x000000146b300000,0x000000146b400000) (1024K)]
  0x000001ad5d18ad70 JavaThread "Timer-37"                          [_thread_blocked, id=5676, stack(0x000000146b400000,0x000000146b500000) (1024K)]
  0x000001ad53c998e0 JavaThread "Worker-13: Initialize workspace"        [_thread_blocked, id=10368, stack(0x000000146b100000,0x000000146b200000) (1024K)]
  0x000001ad53c96af0 JavaThread "Timer-38"                          [_thread_blocked, id=2660, stack(0x000000146b500000,0x000000146b600000) (1024K)]
  0x000001ad53c98bc0 JavaThread "Timer-39"                          [_thread_blocked, id=19240, stack(0x000000146b600000,0x000000146b700000) (1024K)]
  0x000001ad53c99250 JavaThread "Timer-40"                          [_thread_blocked, id=11356, stack(0x000000146b700000,0x000000146b800000) (1024K)]
  0x000001ad53c96460 JavaThread "Timer-41"                          [_thread_blocked, id=21128, stack(0x000000146b800000,0x000000146b900000) (1024K)]
  0x000001ad53c98530 JavaThread "Timer-42"                          [_thread_blocked, id=21688, stack(0x000000146b900000,0x000000146ba00000) (1024K)]
  0x000001ad53c97180 JavaThread "Timer-43"                          [_thread_blocked, id=11620, stack(0x000000146ba00000,0x000000146bb00000) (1024K)]
  0x000001ad53c97810 JavaThread "Timer-44"                          [_thread_blocked, id=18752, stack(0x000000146bb00000,0x000000146bc00000) (1024K)]
  0x000001ad5d18ba90 JavaThread "Timer-45"                          [_thread_blocked, id=18460, stack(0x000000146bd00000,0x000000146be00000) (1024K)]
  0x000001ad7f51c1a0 JavaThread "Timer-46"                          [_thread_blocked, id=17788, stack(0x000000146bc00000,0x000000146bd00000) (1024K)]
  0x000001ad7f51b480 JavaThread "Timer-47"                          [_thread_blocked, id=12800, stack(0x000000146be00000,0x000000146bf00000) (1024K)]
  0x000001ad7f51e270 JavaThread "Timer-48"                          [_thread_blocked, id=468, stack(0x000000146c000000,0x000000146c100000) (1024K)]
  0x000001ad7f51c830 JavaThread "Timer-49"                          [_thread_blocked, id=21920, stack(0x0000001469b00000,0x0000001469c00000) (1024K)]
  0x000001ad7f51cec0 JavaThread "Timer-50"                          [_thread_blocked, id=22256, stack(0x000000146c100000,0x000000146c200000) (1024K)]
  0x000001ad7f5209d0 JavaThread "Timer-51"                          [_thread_blocked, id=6296, stack(0x000000146c200000,0x000000146c300000) (1024K)]
  0x000001ad7f522aa0 JavaThread "Timer-52"                          [_thread_blocked, id=1592, stack(0x000000146c300000,0x000000146c400000) (1024K)]
  0x000001ad7f5216f0 JavaThread "Timer-53"                          [_thread_blocked, id=16536, stack(0x000000146c400000,0x000000146c500000) (1024K)]
  0x000001ad7f521d80 JavaThread "Timer-54"                          [_thread_blocked, id=15784, stack(0x0000001467d00000,0x0000001467e00000) (1024K)]
  0x000001ad7f51f620 JavaThread "Timer-55"                          [_thread_blocked, id=13924, stack(0x000000146c500000,0x000000146c600000) (1024K)]
  0x000001ad7f522410 JavaThread "Timer-56"                          [_thread_blocked, id=21716, stack(0x000000146c600000,0x000000146c700000) (1024K)]
  0x000001ad7f51ef90 JavaThread "Worker-15: Initialize workspace"        [_thread_blocked, id=17080, stack(0x0000001468400000,0x0000001468500000) (1024K)]
  0x000001ad7f520340 JavaThread "Timer-57"                          [_thread_blocked, id=9888, stack(0x000000146c800000,0x000000146c900000) (1024K)]
  0x000001ad5d456f20 JavaThread "Timer-58"                          [_thread_blocked, id=17072, stack(0x000000146c900000,0x000000146ca00000) (1024K)]
  0x000001ad5d18c120 JavaThread "Timer-59"                          [_thread_blocked, id=4320, stack(0x000000146ca00000,0x000000146cb00000) (1024K)]
  0x000001ad52912240 JavaThread "Timer-60"                          [_thread_blocked, id=5136, stack(0x000000146cb00000,0x000000146cc00000) (1024K)]
  0x000001ad53c97ea0 JavaThread "Timer-61"                          [_thread_blocked, id=17976, stack(0x000000146cc00000,0x000000146cd00000) (1024K)]
  0x000001ad54886df0 JavaThread "Worker-16: Initialize workspace"        [_thread_blocked, id=21308, stack(0x000000146cf00000,0x000000146d000000) (1024K)]
  0x000001ad548881a0 JavaThread "Timer-62"                          [_thread_blocked, id=12632, stack(0x000000146cd00000,0x000000146ce00000) (1024K)]
  0x000001ad54886760 JavaThread "Timer-63"                          [_thread_blocked, id=22492, stack(0x000000146ce00000,0x000000146cf00000) (1024K)]
  0x000001ad54888830 JavaThread "Timer-64"                          [_thread_blocked, id=10396, stack(0x000000146d300000,0x000000146d400000) (1024K)]
  0x000001ad54889550 JavaThread "Timer-65"                          [_thread_blocked, id=2364, stack(0x000000146d200000,0x000000146d300000) (1024K)]
  0x000001ad548860d0 JavaThread "Timer-66"                          [_thread_blocked, id=14996, stack(0x000000146d400000,0x000000146d500000) (1024K)]
  0x000001ad54887b10 JavaThread "Timer-67"                          [_thread_blocked, id=21180, stack(0x000000146d500000,0x000000146d600000) (1024K)]
  0x000001ad54887480 JavaThread "Timer-68"                          [_thread_blocked, id=8916, stack(0x000000146d600000,0x000000146d700000) (1024K)]
  0x000001ad7f51fcb0 JavaThread "Timer-69"                          [_thread_blocked, id=21496, stack(0x000000146d700000,0x000000146d800000) (1024K)]
  0x000001ad5d1eb6d0 JavaThread "Worker-17: Initialize workspace"        [_thread_blocked, id=11636, stack(0x000000146da00000,0x000000146db00000) (1024K)]
  0x000001ad5d1eb040 JavaThread "Timer-70"                          [_thread_blocked, id=13480, stack(0x000000146d800000,0x000000146d900000) (1024K)]
  0x000001ad5d1e8f70 JavaThread "Timer-71"                          [_thread_blocked, id=23360, stack(0x000000146d900000,0x000000146da00000) (1024K)]
  0x000001ad5d1ebd60 JavaThread "Timer-72"                          [_thread_blocked, id=13608, stack(0x000000146db00000,0x000000146dc00000) (1024K)]
  0x000001ad5d1ec3f0 JavaThread "Timer-73"                          [_thread_blocked, id=2276, stack(0x000000146dc00000,0x000000146dd00000) (1024K)]
  0x000001ad5d1e9c90 JavaThread "Timer-74"                          [_thread_blocked, id=19084, stack(0x000000146dd00000,0x000000146de00000) (1024K)]
  0x000001ad5d1ea320 JavaThread "Timer-75"                          [_thread_blocked, id=10300, stack(0x000000146de00000,0x000000146df00000) (1024K)]
  0x000001ad5d1ea9b0 JavaThread "Timer-76"                          [_thread_blocked, id=14848, stack(0x000000146df00000,0x000000146e000000) (1024K)]
  0x000001ad54888ec0 JavaThread "Timer-77"                          [_thread_blocked, id=18608, stack(0x000000146e100000,0x000000146e200000) (1024K)]
  0x000001ad5ed19470 JavaThread "Worker-18: Initialize workspace"        [_thread_blocked, id=12540, stack(0x000000146e300000,0x000000146e400000) (1024K)]
  0x000001ad5ed1c8f0 JavaThread "Worker-19: Initialize workspace"        [_thread_blocked, id=15184, stack(0x000000146e400000,0x000000146e500000) (1024K)]
  0x000001ad5ed19b00 JavaThread "Timer-78"                          [_thread_blocked, id=11796, stack(0x000000146e000000,0x000000146e100000) (1024K)]
  0x000001ad5ed1a190 JavaThread "Timer-79"                          [_thread_blocked, id=19320, stack(0x000000146e200000,0x000000146e300000) (1024K)]
  0x000001ad5ed1aeb0 JavaThread "Timer-80"                          [_thread_blocked, id=7820, stack(0x000000146e500000,0x000000146e600000) (1024K)]
  0x000001ad5ed1bbd0 JavaThread "LocalFile Deleter"          daemon [_thread_blocked, id=16308, stack(0x000000146c700000,0x000000146c800000) (1024K)]
  0x000001ad5ed1a820 JavaThread "Timer-81"                          [_thread_blocked, id=11200, stack(0x000000146e700000,0x000000146e800000) (1024K)]
  0x000001ad5ed1c260 JavaThread "Timer-82"                          [_thread_blocked, id=11424, stack(0x000000146e800000,0x000000146e900000) (1024K)]
  0x000001ad5d1e9600 JavaThread "Timer-83"                          [_thread_blocked, id=18420, stack(0x000000146e900000,0x000000146ea00000) (1024K)]
  0x000001ad52eb07c0 JavaThread "Timer-84"                          [_thread_blocked, id=7032, stack(0x000000146ea00000,0x000000146eb00000) (1024K)]
  0x000001ad52eaf410 JavaThread "Timer-85"                          [_thread_blocked, id=19164, stack(0x000000146eb00000,0x000000146ec00000) (1024K)]
  0x000001ad52eaed80 JavaThread "Worker-20: Initialize workspace"        [_thread_blocked, id=19676, stack(0x000000146ee00000,0x000000146ef00000) (1024K)]
  0x000001ad52eafaa0 JavaThread "Timer-86"                          [_thread_blocked, id=6284, stack(0x000000146ec00000,0x000000146ed00000) (1024K)]
  0x000001ad52eb0130 JavaThread "Timer-87"                          [_thread_blocked, id=19808, stack(0x000000146ed00000,0x000000146ee00000) (1024K)]
  0x000001ad52eb14e0 JavaThread "Timer-88"                          [_thread_blocked, id=22508, stack(0x000000146ef00000,0x000000146f000000) (1024K)]
  0x000001ad52eae060 JavaThread "Timer-89"                          [_thread_blocked, id=23504, stack(0x000000146f100000,0x000000146f200000) (1024K)]
  0x000001ad52eae6f0 JavaThread "Timer-90"                          [_thread_blocked, id=12956, stack(0x000000146f200000,0x000000146f300000) (1024K)]
  0x000001ad5380bf70 JavaThread "Timer-91"                          [_thread_blocked, id=15168, stack(0x000000146f300000,0x000000146f400000) (1024K)]
  0x000001ad5380ed60 JavaThread "Timer-92"                          [_thread_blocked, id=8348, stack(0x000000146f400000,0x000000146f500000) (1024K)]
  0x000001ad5380cc90 JavaThread "Timer-93"                          [_thread_blocked, id=12344, stack(0x000000146f500000,0x000000146f600000) (1024K)]
  0x000001ad5380c600 JavaThread "Timer-94"                          [_thread_blocked, id=376, stack(0x000000146e600000,0x000000146e700000) (1024K)]
  0x000001ad5380e040 JavaThread "Timer-95"                          [_thread_blocked, id=16672, stack(0x000000146f600000,0x000000146f700000) (1024K)]
  0x000001ad5380e6d0 JavaThread "Timer-96"                          [_thread_blocked, id=2216, stack(0x000000146f700000,0x000000146f800000) (1024K)]
  0x000001ad5380d320 JavaThread "Timer-97"                          [_thread_blocked, id=3324, stack(0x000000146f900000,0x000000146fa00000) (1024K)]
  0x000001ad5380b8e0 JavaThread "Timer-98"                          [_thread_blocked, id=21612, stack(0x000000146fa00000,0x000000146fb00000) (1024K)]
  0x000001ad53811b50 JavaThread "Timer-99"                          [_thread_blocked, id=11056, stack(0x000000146fb00000,0x000000146fc00000) (1024K)]
  0x000001ad538121e0 JavaThread "Timer-100"                         [_thread_blocked, id=19136, stack(0x000000146fc00000,0x000000146fd00000) (1024K)]
  0x000001ad53810e30 JavaThread "Timer-101"                         [_thread_blocked, id=7208, stack(0x000000146fe00000,0x000000146ff00000) (1024K)]
  0x000001ad538107a0 JavaThread "Worker-21: Initialize workspace"        [_thread_blocked, id=15476, stack(0x000000146ff00000,0x0000001470000000) (1024K)]
  0x000001ad5380f3f0 JavaThread "Worker-22: Initialize workspace"        [_thread_blocked, id=21780, stack(0x0000001470000000,0x0000001470100000) (1024K)]
  0x000001ad53812f00 JavaThread "Timer-102"                         [_thread_blocked, id=12024, stack(0x000000146f000000,0x000000146f100000) (1024K)]
  0x000001ad5380fa80 JavaThread "Timer-103"                         [_thread_blocked, id=18652, stack(0x000000146fd00000,0x000000146fe00000) (1024K)]
  0x000001ad53810110 JavaThread "Timer-104"                         [_thread_blocked, id=14320, stack(0x0000001470100000,0x0000001470200000) (1024K)]
  0x000001ad53812870 JavaThread "Timer-105"                         [_thread_blocked, id=11180, stack(0x0000001470200000,0x0000001470300000) (1024K)]
  0x000001ad538114c0 JavaThread "Timer-106"                         [_thread_blocked, id=22868, stack(0x0000001470300000,0x0000001470400000) (1024K)]
  0x000001ad50523c00 JavaThread "Timer-107"                         [_thread_blocked, id=17096, stack(0x0000001470400000,0x0000001470500000) (1024K)]
  0x000001ad7f51d550 JavaThread "Timer-108"                         [_thread_blocked, id=3548, stack(0x0000001470500000,0x0000001470600000) (1024K)]
  0x000001ad5290edc0 JavaThread "Timer-109"                         [_thread_blocked, id=10928, stack(0x0000001470700000,0x0000001470800000) (1024K)]
  0x000001ad5ed1b540 JavaThread "Timer-110"                         [_thread_blocked, id=23352, stack(0x0000001470600000,0x0000001470700000) (1024K)]
  0x000001ad7f671520 JavaThread "Timer-111"                         [_thread_blocked, id=8364, stack(0x0000001470800000,0x0000001470900000) (1024K)]
  0x000001ad7f66f450 JavaThread "Timer-112"                         [_thread_blocked, id=18368, stack(0x0000001470900000,0x0000001470a00000) (1024K)]
  0x000001ad7f66fae0 JavaThread "Timer-113"                         [_thread_blocked, id=11980, stack(0x0000001470a00000,0x0000001470b00000) (1024K)]
  0x000001ad7f670170 JavaThread "Timer-114"                         [_thread_blocked, id=17568, stack(0x0000001470b00000,0x0000001470c00000) (1024K)]
  0x000001ad7f671bb0 JavaThread "Timer-115"                         [_thread_blocked, id=2248, stack(0x0000001470c00000,0x0000001470d00000) (1024K)]
  0x000001ad7f670800 JavaThread "Timer-116"                         [_thread_blocked, id=12728, stack(0x0000001470d00000,0x0000001470e00000) (1024K)]
  0x000001ad7f670e90 JavaThread "Timer-117"                         [_thread_blocked, id=22340, stack(0x0000001470f00000,0x0000001471000000) (1024K)]
  0x000001ad5d009060 JavaThread "Timer-118"                         [_thread_blocked, id=11656, stack(0x0000001470e00000,0x0000001470f00000) (1024K)]
  0x000001ad5d00b7c0 JavaThread "Timer-119"                         [_thread_blocked, id=21996, stack(0x0000001471000000,0x0000001471100000) (1024K)]
  0x000001ad5d00aaa0 JavaThread "Timer-120"                         [_thread_blocked, id=22300, stack(0x0000001471200000,0x0000001471300000) (1024K)]
  0x000001ad5d00be50 JavaThread "Timer-121"                         [_thread_blocked, id=18964, stack(0x0000001471300000,0x0000001471400000) (1024K)]
  0x000001ad5d00cb70 JavaThread "Timer-122"                         [_thread_blocked, id=21088, stack(0x0000001471400000,0x0000001471500000) (1024K)]
  0x000001ad5d00c4e0 JavaThread "Timer-123"                         [_thread_blocked, id=796, stack(0x0000001471500000,0x0000001471600000) (1024K)]
  0x000001ad5d0096f0 JavaThread "Timer-124"                         [_thread_blocked, id=18872, stack(0x0000001471600000,0x0000001471700000) (1024K)]
  0x000001ad5d00d200 JavaThread "Timer-125"                         [_thread_blocked, id=19936, stack(0x0000001471700000,0x0000001471800000) (1024K)]
  0x000001ad5d00f960 JavaThread "Worker-24: Initialize workspace"        [_thread_blocked, id=22792, stack(0x0000001471a00000,0x0000001471b00000) (1024K)]
  0x000001ad5d00d890 JavaThread "Timer-126"                         [_thread_blocked, id=16168, stack(0x0000001471800000,0x0000001471900000) (1024K)]
  0x000001ad5d00a410 JavaThread "Timer-127"                         [_thread_blocked, id=20748, stack(0x0000001471900000,0x0000001471a00000) (1024K)]
  0x000001ad5d00fff0 JavaThread "Timer-128"                         [_thread_blocked, id=16804, stack(0x0000001471b00000,0x0000001471c00000) (1024K)]
  0x000001ad5d00ec40 JavaThread "Worker-25: Initialize workspace"        [_thread_blocked, id=11320, stack(0x0000001471e00000,0x0000001471f00000) (1024K)]
  0x000001ad5d00e5b0 JavaThread "Timer-129"                         [_thread_blocked, id=12228, stack(0x0000001471c00000,0x0000001471d00000) (1024K)]
  0x000001ad5d010680 JavaThread "Timer-130"                         [_thread_blocked, id=14508, stack(0x0000001471d00000,0x0000001471e00000) (1024K)]
  0x000001ad5d010d10 JavaThread "Timer-131"                         [_thread_blocked, id=14316, stack(0x0000001471f00000,0x0000001472000000) (1024K)]
  0x000001ad5d0113a0 JavaThread "Timer-132"                         [_thread_blocked, id=11020, stack(0x0000001472000000,0x0000001472100000) (1024K)]
  0x000001ad5d00df20 JavaThread "Timer-133"                         [_thread_blocked, id=16356, stack(0x0000001472200000,0x0000001472300000) (1024K)]
  0x000001ad5d0120c0 JavaThread "Timer-134"                         [_thread_blocked, id=22800, stack(0x0000001472100000,0x0000001472200000) (1024K)]
  0x000001ad5d012750 JavaThread "Timer-135"                         [_thread_blocked, id=17124, stack(0x0000001472300000,0x0000001472400000) (1024K)]
  0x000001ad5d00f2d0 JavaThread "Timer-136"                         [_thread_blocked, id=2612, stack(0x0000001472400000,0x0000001472500000) (1024K)]
  0x000001ad5d012de0 JavaThread "Timer-137"                         [_thread_blocked, id=9996, stack(0x000000146f800000,0x000000146f900000) (1024K)]
  0x000001ad5d014820 JavaThread "Timer-138"                         [_thread_blocked, id=12644, stack(0x0000001472500000,0x0000001472600000) (1024K)]
  0x000001ad5d014190 JavaThread "Timer-139"                         [_thread_blocked, id=11900, stack(0x0000001472600000,0x0000001472700000) (1024K)]
  0x000001ad5d014eb0 JavaThread "Timer-140"                         [_thread_blocked, id=20452, stack(0x0000001472700000,0x0000001472800000) (1024K)]
  0x000001ad5d015bd0 JavaThread "Timer-141"                         [_thread_blocked, id=18124, stack(0x0000001472800000,0x0000001472900000) (1024K)]
  0x000001ad5d016260 JavaThread "Worker-26: Initialize workspace"        [_thread_blocked, id=216, stack(0x0000001472b00000,0x0000001472c00000) (1024K)]
  0x000001ad5d015540 JavaThread "Timer-142"                         [_thread_blocked, id=17196, stack(0x000000146d100000,0x000000146d200000) (1024K)]
  0x000001ad5d0168f0 JavaThread "Timer-143"                         [_thread_blocked, id=10716, stack(0x0000001472900000,0x0000001472a00000) (1024K)]
  0x000001ad5d013470 JavaThread "Timer-144"                         [_thread_blocked, id=9184, stack(0x0000001472a00000,0x0000001472b00000) (1024K)]
  0x000001ad5d013b00 JavaThread "Timer-145"                         [_thread_blocked, id=6564, stack(0x0000001472c00000,0x0000001472d00000) (1024K)]
  0x000001ad5d016f80 JavaThread "Timer-146"                         [_thread_blocked, id=18788, stack(0x0000001472d00000,0x0000001472e00000) (1024K)]
  0x000001ad5d018330 JavaThread "Timer-147"                         [_thread_blocked, id=11604, stack(0x0000001472e00000,0x0000001472f00000) (1024K)]
  0x000001ad5d017ca0 JavaThread "Timer-148"                         [_thread_blocked, id=13284, stack(0x0000001472f00000,0x0000001473000000) (1024K)]
  0x000001ad5d017610 JavaThread "Timer-149"                         [_thread_blocked, id=21032, stack(0x0000001473100000,0x0000001473200000) (1024K)]
  0x000001ad5380d9b0 JavaThread "Worker-27: Check JDK Index"        [_thread_blocked, id=6688, stack(0x0000001473300000,0x0000001473400000) (1024K)]
  0x000001ad7f672240 JavaThread "Timer-150"                         [_thread_blocked, id=10888, stack(0x0000001473000000,0x0000001473100000) (1024K)]
  0x000001ad7f66edc0 JavaThread "Timer-151"                         [_thread_blocked, id=18884, stack(0x0000001473200000,0x0000001473300000) (1024K)]
  0x000001ad547b0120 JavaThread "Timer-152"                         [_thread_blocked, id=11068, stack(0x0000001473400000,0x0000001473500000) (1024K)]
  0x000001ad547ae6e0 JavaThread "Timer-153"                         [_thread_blocked, id=648, stack(0x0000001473500000,0x0000001473600000) (1024K)]
  0x000001ad547ad330 JavaThread "Timer-154"                         [_thread_blocked, id=7392, stack(0x0000001473600000,0x0000001473700000) (1024K)]
  0x000001ad547acca0 JavaThread "Timer-155"                         [_thread_blocked, id=4324, stack(0x0000001473700000,0x0000001473800000) (1024K)]
  0x000001ad547aed70 JavaThread "Timer-156"                         [_thread_blocked, id=17432, stack(0x0000001473800000,0x0000001473900000) (1024K)]
  0x000001ad547af400 JavaThread "Timer-157"                         [_thread_blocked, id=10336, stack(0x0000001473a00000,0x0000001473b00000) (1024K)]
  0x000001ad547b0e40 JavaThread "Worker-28: Initialize workspace"        [_thread_blocked, id=9768, stack(0x0000001473c00000,0x0000001473d00000) (1024K)]
  0x000001ad547b07b0 JavaThread "Timer-158"                         [_thread_blocked, id=13264, stack(0x0000001473900000,0x0000001473a00000) (1024K)]
  0x000001ad547ad9c0 JavaThread "Timer-159"                         [_thread_blocked, id=1764, stack(0x0000001473b00000,0x0000001473c00000) (1024K)]
  0x000001ad547b14d0 JavaThread "Timer-160"                         [_thread_blocked, id=4520, stack(0x0000001473d00000,0x0000001473e00000) (1024K)]
  0x000001ad547ae050 JavaThread "Timer-161"                         [_thread_blocked, id=9048, stack(0x0000001473e00000,0x0000001473f00000) (1024K)]
  0x000001ad547b21f0 JavaThread "Timer-162"                         [_thread_blocked, id=4204, stack(0x0000001473f00000,0x0000001474000000) (1024K)]
  0x000001ad547b2f10 JavaThread "Timer-163"                         [_thread_blocked, id=22196, stack(0x0000001474000000,0x0000001474100000) (1024K)]
  0x000001ad547b35a0 JavaThread "Timer-164"                         [_thread_blocked, id=7468, stack(0x0000001474100000,0x0000001474200000) (1024K)]
  0x000001ad547b3c30 JavaThread "Timer-165"                         [_thread_blocked, id=13180, stack(0x0000001474200000,0x0000001474300000) (1024K)]
  0x000001ad547b4fe0 JavaThread "Worker-29: Initialize workspace"        [_thread_blocked, id=3328, stack(0x0000001474300000,0x0000001474400000) (1024K)]
  0x000001ad547b1b60 JavaThread "Timer-166"                         [_thread_blocked, id=20140, stack(0x0000001474400000,0x0000001474500000) (1024K)]
  0x000001ad547b5670 JavaThread "Timer-167"                         [_thread_blocked, id=18984, stack(0x0000001474500000,0x0000001474600000) (1024K)]
  0x000001ad547b4950 JavaThread "Timer-168"                         [_thread_blocked, id=1672, stack(0x0000001474600000,0x0000001474700000) (1024K)]
  0x000001ad547b2880 JavaThread "Timer-169"                         [_thread_blocked, id=9932, stack(0x0000001474700000,0x0000001474800000) (1024K)]
  0x000001ad547b6390 JavaThread "Timer-170"                         [_thread_blocked, id=18456, stack(0x0000001474800000,0x0000001474900000) (1024K)]
  0x000001ad547b6a20 JavaThread "Timer-171"                         [_thread_blocked, id=11488, stack(0x0000001474b00000,0x0000001474c00000) (1024K)]
  0x000001ad547b70b0 JavaThread "Timer-172"                         [_thread_blocked, id=11168, stack(0x0000001474900000,0x0000001474a00000) (1024K)]
  0x000001ad547b7740 JavaThread "Timer-173"                         [_thread_blocked, id=6872, stack(0x0000001474d00000,0x0000001474e00000) (1024K)]
  0x000001ad547b42c0 JavaThread "Timer-174"                         [_thread_blocked, id=18068, stack(0x0000001474c00000,0x0000001474d00000) (1024K)]
  0x000001ad547b9ea0 JavaThread "Timer-175"                         [_thread_blocked, id=4920, stack(0x0000001474f00000,0x0000001475000000) (1024K)]
  0x000001ad547b9180 JavaThread "Timer-176"                         [_thread_blocked, id=19952, stack(0x0000001474e00000,0x0000001474f00000) (1024K)]
  0x000001ad547b8af0 JavaThread "Timer-177"                         [_thread_blocked, id=21304, stack(0x0000001475100000,0x0000001475200000) (1024K)]
  0x000001ad547babc0 JavaThread "Timer-178"                         [_thread_blocked, id=2164, stack(0x0000001475200000,0x0000001475300000) (1024K)]
  0x000001ad547b9810 JavaThread "Timer-179"                         [_thread_blocked, id=19960, stack(0x0000001475300000,0x0000001475400000) (1024K)]
  0x000001ad547ba530 JavaThread "Timer-180"                         [_thread_blocked, id=15500, stack(0x0000001475400000,0x0000001475500000) (1024K)]
  0x000001ad547b7dd0 JavaThread "Timer-181"                         [_thread_blocked, id=10940, stack(0x0000001475800000,0x0000001475900000) (1024K)]
  0x000001ad547b8460 JavaThread "Worker-31: Initialize workspace"        [_thread_blocked, id=14400, stack(0x000000146d000000,0x000000146d100000) (1024K)]
  0x000001ad547bb250 JavaThread "Timer-182"                         [_thread_blocked, id=16492, stack(0x0000001475500000,0x0000001475600000) (1024K)]
  0x000001ad547bbf70 JavaThread "Timer-183"                         [_thread_blocked, id=8308, stack(0x0000001475900000,0x0000001475a00000) (1024K)]
  0x000001ad547bb8e0 JavaThread "Timer-184"                         [_thread_blocked, id=9732, stack(0x0000001475b00000,0x0000001475c00000) (1024K)]
  0x000001ad5051fa60 JavaThread "Timer-185"                         [_thread_blocked, id=20808, stack(0x0000001475a00000,0x0000001475b00000) (1024K)]
  0x000001ad7f51bb10 JavaThread "Timer-186"                         [_thread_blocked, id=9944, stack(0x0000001475c00000,0x0000001475d00000) (1024K)]
  0x000001ad5d009d80 JavaThread "Timer-187"                         [_thread_blocked, id=20772, stack(0x0000001475d00000,0x0000001475e00000) (1024K)]
  0x000001ad5479ed60 JavaThread "Timer-188"                         [_thread_blocked, id=4996, stack(0x0000001475e00000,0x0000001475f00000) (1024K)]
  0x000001ad5479d320 JavaThread "Timer-189"                         [_thread_blocked, id=7156, stack(0x0000001476000000,0x0000001476100000) (1024K)]
  0x000001ad5479fa80 JavaThread "Worker-32: Initialize workspace"        [_thread_blocked, id=9688, stack(0x0000001476200000,0x0000001476300000) (1024K)]
  0x000001ad5479e040 JavaThread "Worker-33: Initialize workspace"        [_thread_blocked, id=5324, stack(0x0000001476300000,0x0000001476400000) (1024K)]
  0x000001ad5479cc90 JavaThread "Timer-190"                         [_thread_blocked, id=16452, stack(0x0000001475f00000,0x0000001476000000) (1024K)]
  0x000001ad5479e6d0 JavaThread "Timer-191"                         [_thread_blocked, id=15728, stack(0x0000001476100000,0x0000001476200000) (1024K)]
  0x000001ad547a07a0 JavaThread "Timer-192"                         [_thread_blocked, id=20852, stack(0x0000001476400000,0x0000001476500000) (1024K)]
  0x000001ad5479f3f0 JavaThread "Timer-193"                         [_thread_blocked, id=8600, stack(0x0000001476500000,0x0000001476600000) (1024K)]
  0x000001ad547a0110 JavaThread "Timer-194"                         [_thread_blocked, id=15196, stack(0x0000001476600000,0x0000001476700000) (1024K)]
  0x000001ad5479d9b0 JavaThread "Timer-195"                         [_thread_blocked, id=13212, stack(0x0000001476700000,0x0000001476800000) (1024K)]
  0x000001ad547a3590 JavaThread "Timer-196"                         [_thread_blocked, id=3712, stack(0x0000001476900000,0x0000001476a00000) (1024K)]
  0x000001ad547a21e0 JavaThread "Timer-197"                         [_thread_blocked, id=2500, stack(0x0000001476b00000,0x0000001476c00000) (1024K)]
  0x000001ad547a4940 JavaThread "Worker-34: Initialize workspace"        [_thread_blocked, id=21536, stack(0x0000001476d00000,0x0000001476e00000) (1024K)]
  0x000001ad547a3c20 JavaThread "Timer-198"                         [_thread_blocked, id=10032, stack(0x0000001476800000,0x0000001476900000) (1024K)]
  0x000001ad547a14c0 JavaThread "Timer-199"                         [_thread_blocked, id=21656, stack(0x0000001476a00000,0x0000001476b00000) (1024K)]
  0x000001ad547a2870 JavaThread "Timer-200"                         [_thread_blocked, id=20892, stack(0x0000001476c00000,0x0000001476d00000) (1024K)]
  0x000001ad547a2f00 JavaThread "Timer-201"                         [_thread_blocked, id=21756, stack(0x0000001476e00000,0x0000001476f00000) (1024K)]
  0x000001ad547a0e30 JavaThread "Timer-202"                         [_thread_blocked, id=15920, stack(0x0000001476f00000,0x0000001477000000) (1024K)]
  0x000001ad547a4fd0 JavaThread "Timer-203"                         [_thread_blocked, id=8452, stack(0x0000001477000000,0x0000001477100000) (1024K)]
  0x000001ad547a1b50 JavaThread "Timer-204"                         [_thread_blocked, id=22484, stack(0x0000001477100000,0x0000001477200000) (1024K)]
  0x000001ad547a5cf0 JavaThread "Timer-205"                         [_thread_blocked, id=5912, stack(0x0000001477300000,0x0000001477400000) (1024K)]
  0x000001ad547a5660 JavaThread "Timer-206"                         [_thread_blocked, id=12588, stack(0x0000001477200000,0x0000001477300000) (1024K)]
  0x000001ad547a9800 JavaThread "Timer-207"                         [_thread_blocked, id=6124, stack(0x0000001477400000,0x0000001477500000) (1024K)]
  0x000001ad547a7dc0 JavaThread "Timer-208"                         [_thread_blocked, id=19204, stack(0x0000001477500000,0x0000001477600000) (1024K)]
  0x000001ad547a7730 JavaThread "Timer-209"                         [_thread_blocked, id=8704, stack(0x0000001477600000,0x0000001477700000) (1024K)]
  0x000001ad547a42b0 JavaThread "Timer-210"                         [_thread_blocked, id=16908, stack(0x0000001477700000,0x0000001477800000) (1024K)]
  0x000001ad547a6380 JavaThread "Timer-211"                         [_thread_blocked, id=17064, stack(0x0000001477800000,0x0000001477900000) (1024K)]
  0x000001ad547a9e90 JavaThread "Timer-212"                         [_thread_blocked, id=10284, stack(0x0000001477900000,0x0000001477a00000) (1024K)]
  0x000001ad547a8450 JavaThread "Timer-213"                         [_thread_blocked, id=22864, stack(0x0000001477b00000,0x0000001477c00000) (1024K)]
  0x000001ad547aa520 JavaThread "Worker-35: Initialize workspace"        [_thread_blocked, id=9148, stack(0x0000001477d00000,0x0000001477e00000) (1024K)]
  0x000001ad547a6a10 JavaThread "Timer-214"                         [_thread_blocked, id=22408, stack(0x0000001477a00000,0x0000001477b00000) (1024K)]
  0x000001ad547aabb0 JavaThread "Timer-215"                         [_thread_blocked, id=2980, stack(0x0000001477c00000,0x0000001477d00000) (1024K)]
  0x000001ad547ab8d0 JavaThread "Timer-216"                         [_thread_blocked, id=192, stack(0x0000001477f00000,0x0000001478000000) (1024K)]
  0x000001ad547ab240 JavaThread "Timer-217"                         [_thread_blocked, id=23392, stack(0x0000001478000000,0x0000001478100000) (1024K)]
  0x000001ad547abf60 JavaThread "Timer-218"                         [_thread_blocked, id=16072, stack(0x0000001478100000,0x0000001478200000) (1024K)]
  0x000001ad547afa90 JavaThread "Timer-219"                         [_thread_blocked, id=9012, stack(0x0000001478200000,0x0000001478300000) (1024K)]
  0x000001ad530a8c90 JavaThread "Timer-220"                         [_thread_blocked, id=8460, stack(0x0000001478300000,0x0000001478400000) (1024K)]
  0x000001ad530a7f70 JavaThread "Timer-221"                         [_thread_blocked, id=9860, stack(0x0000001478500000,0x0000001478600000) (1024K)]
  0x000001ad530aa6d0 JavaThread "Worker-37: Initialize workspace"        [_thread_blocked, id=2208, stack(0x0000001478700000,0x0000001478800000) (1024K)]
  0x000001ad530a99b0 JavaThread "Timer-222"                         [_thread_blocked, id=14492, stack(0x0000001478400000,0x0000001478500000) (1024K)]
  0x000001ad530a8600 JavaThread "Timer-223"                         [_thread_blocked, id=10560, stack(0x0000001478600000,0x0000001478700000) (1024K)]
  0x000001ad530ac110 JavaThread "Timer-224"                         [_thread_blocked, id=18356, stack(0x0000001478800000,0x0000001478900000) (1024K)]
  0x000001ad530a9320 JavaThread "Timer-225"                         [_thread_blocked, id=9144, stack(0x0000001478900000,0x0000001478a00000) (1024K)]
  0x000001ad530aad60 JavaThread "Timer-226"                         [_thread_blocked, id=9892, stack(0x0000001478b00000,0x0000001478c00000) (1024K)]
  0x000001ad530aba80 JavaThread "Timer-227"                         [_thread_blocked, id=10712, stack(0x0000001478c00000,0x0000001478d00000) (1024K)]
  0x000001ad530aa040 JavaThread "Timer-228"                         [_thread_blocked, id=4636, stack(0x0000001478d00000,0x0000001478e00000) (1024K)]
  0x000001ad530ae1e0 JavaThread "Timer-229"                         [_thread_blocked, id=21924, stack(0x0000001478e00000,0x0000001478f00000) (1024K)]
  0x000001ad530ab3f0 JavaThread "Worker-38: Initialize workspace"        [_thread_blocked, id=9664, stack(0x0000001479100000,0x0000001479200000) (1024K)]
  0x000001ad530ae870 JavaThread "Timer-230"                         [_thread_blocked, id=15856, stack(0x0000001478a00000,0x0000001478b00000) (1024K)]
  0x000001ad530ad4c0 JavaThread "Timer-231"                         [_thread_blocked, id=21980, stack(0x0000001479000000,0x0000001479100000) (1024K)]
  0x000001ad530aef00 JavaThread "Timer-232"                         [_thread_blocked, id=22344, stack(0x0000001478f00000,0x0000001479000000) (1024K)]
  0x000001ad530adb50 JavaThread "Timer-233"                         [_thread_blocked, id=22564, stack(0x0000001479200000,0x0000001479300000) (1024K)]
  0x000001ad530ac7a0 JavaThread "Timer-234"                         [_thread_blocked, id=23420, stack(0x0000001479300000,0x0000001479400000) (1024K)]
  0x000001ad530ace30 JavaThread "Timer-235"                         [_thread_blocked, id=11228, stack(0x0000001479400000,0x0000001479500000) (1024K)]
  0x000001ad547a70a0 JavaThread "Timer-236"                         [_thread_blocked, id=16824, stack(0x0000001479500000,0x0000001479600000) (1024K)]
  0x000001ad53d05350 JavaThread "Timer-237"                         [_thread_blocked, id=16376, stack(0x0000001479700000,0x0000001479800000) (1024K)]
  0x000001ad53d06d90 JavaThread "Timer-238"                         [_thread_blocked, id=21192, stack(0x0000001479600000,0x0000001479700000) (1024K)]
  0x000001ad53d07ab0 JavaThread "Timer-239"                         [_thread_blocked, id=14380, stack(0x0000001479800000,0x0000001479900000) (1024K)]
  0x000001ad53d07420 JavaThread "Timer-240"                         [_thread_blocked, id=14080, stack(0x0000001479900000,0x0000001479a00000) (1024K)]
  0x000001ad53d08140 JavaThread "Timer-241"                         [_thread_blocked, id=12512, stack(0x0000001479a00000,0x0000001479b00000) (1024K)]
  0x000001ad53d087d0 JavaThread "Timer-242"                         [_thread_blocked, id=11920, stack(0x0000001479b00000,0x0000001479c00000) (1024K)]
  0x000001ad53d059e0 JavaThread "Timer-243"                         [_thread_blocked, id=18700, stack(0x0000001479c00000,0x0000001479d00000) (1024K)]
  0x000001ad53d094f0 JavaThread "Timer-244"                         [_thread_blocked, id=14120, stack(0x0000001479e00000,0x0000001479f00000) (1024K)]
  0x000001ad53d06070 JavaThread "Timer-245"                         [_thread_blocked, id=14328, stack(0x000000147a000000,0x000000147a100000) (1024K)]
  0x000001ad53d0bc50 JavaThread "Worker-39: Initialize workspace"        [_thread_blocked, id=21344, stack(0x000000147a200000,0x000000147a300000) (1024K)]
  0x000001ad53d09b80 JavaThread "Timer-246"                         [_thread_blocked, id=22540, stack(0x0000001479d00000,0x0000001479e00000) (1024K)]
  0x000001ad53d06700 JavaThread "Timer-247"                         [_thread_blocked, id=13676, stack(0x000000147a100000,0x000000147a200000) (1024K)]
  0x000001ad53d0a210 JavaThread "Timer-248"                         [_thread_blocked, id=3464, stack(0x0000001479f00000,0x000000147a000000) (1024K)]
  0x000001ad53d0a8a0 JavaThread "Timer-249"                         [_thread_blocked, id=17972, stack(0x000000147a300000,0x000000147a400000) (1024K)]
  0x000001ad53d0c2e0 JavaThread "Timer-250"                         [_thread_blocked, id=19012, stack(0x000000147a400000,0x000000147a500000) (1024K)]
  0x000001ad53d0af30 JavaThread "Timer-251"                         [_thread_blocked, id=12376, stack(0x000000147a500000,0x000000147a600000) (1024K)]
  0x000001ad53d08e60 JavaThread "Timer-252"                         [_thread_blocked, id=10408, stack(0x000000147a600000,0x000000147a700000) (1024K)]
  0x000001ad53d0f760 JavaThread "Timer-253"                         [_thread_blocked, id=8180, stack(0x000000147a800000,0x000000147a900000) (1024K)]
  0x000001ad53d0fdf0 JavaThread "Timer-254"                         [_thread_blocked, id=22704, stack(0x000000147a700000,0x000000147a800000) (1024K)]
  0x000001ad53d0d690 JavaThread "Timer-255"                         [_thread_blocked, id=2060, stack(0x000000147a900000,0x000000147aa00000) (1024K)]
  0x000001ad53d0ea40 JavaThread "Timer-256"                         [_thread_blocked, id=9804, stack(0x000000147ab00000,0x000000147ac00000) (1024K)]
  0x000001ad53d0c970 JavaThread "Timer-257"                         [_thread_blocked, id=19488, stack(0x000000147ac00000,0x000000147ad00000) (1024K)]
  0x000001ad53d10480 JavaThread "Timer-258"                         [_thread_blocked, id=16740, stack(0x000000147ad00000,0x000000147ae00000) (1024K)]
  0x000001ad53d0d000 JavaThread "Timer-259"                         [_thread_blocked, id=15116, stack(0x000000147ae00000,0x000000147af00000) (1024K)]
  0x000001ad53d10b10 JavaThread "Timer-260"                         [_thread_blocked, id=23328, stack(0x000000147af00000,0x000000147b000000) (1024K)]
  0x000001ad53d0f0d0 JavaThread "Timer-261"                         [_thread_blocked, id=5988, stack(0x000000147b000000,0x000000147b100000) (1024K)]
  0x000001ad53d13900 JavaThread "Worker-41: Initialize workspace"        [_thread_blocked, id=21136, stack(0x000000147b300000,0x000000147b400000) (1024K)]
  0x000001ad53d13f90 JavaThread "Worker-42: Initialize workspace"        [_thread_blocked, id=14340, stack(0x000000147b400000,0x000000147b500000) (1024K)]
  0x000001ad53d111a0 JavaThread "Timer-262"                         [_thread_blocked, id=22056, stack(0x000000147b100000,0x000000147b200000) (1024K)]
  0x000001ad53d0dd20 JavaThread "Timer-263"                         [_thread_blocked, id=9656, stack(0x000000147b200000,0x000000147b300000) (1024K)]
  0x000001ad53d14620 JavaThread "Timer-264"                         [_thread_blocked, id=2932, stack(0x000000147b500000,0x000000147b600000) (1024K)]
  0x000001ad53d14cb0 JavaThread "Timer-265"                         [_thread_blocked, id=15648, stack(0x000000147b600000,0x000000147b700000) (1024K)]
  0x000001ad53d11830 JavaThread "Timer-266"                         [_thread_blocked, id=12492, stack(0x000000147b700000,0x000000147b800000) (1024K)]
  0x000001ad53d13270 JavaThread "Timer-267"                         [_thread_blocked, id=6236, stack(0x000000147b800000,0x000000147b900000) (1024K)]
  0x000001ad53d15340 JavaThread "Timer-268"                         [_thread_blocked, id=9592, stack(0x000000147b900000,0x000000147ba00000) (1024K)]
  0x000001ad53d12550 JavaThread "Timer-269"                         [_thread_blocked, id=23316, stack(0x000000147bb00000,0x000000147bc00000) (1024K)]
  0x000001ad530af590 JavaThread "Worker-43: Initialize workspace"        [_thread_blocked, id=16816, stack(0x000000147bd00000,0x000000147be00000) (1024K)]
  0x000001ad53d11ec0 JavaThread "Timer-270"                         [_thread_blocked, id=18776, stack(0x000000147ba00000,0x000000147bb00000) (1024K)]
  0x000001ad53d12be0 JavaThread "Timer-271"                         [_thread_blocked, id=22028, stack(0x000000147bc00000,0x000000147bd00000) (1024K)]
  0x000001ad548e8730 JavaThread "Timer-272"                         [_thread_blocked, id=12760, stack(0x000000147be00000,0x000000147bf00000) (1024K)]
  0x000001ad548e8dc0 JavaThread "Timer-273"                         [_thread_blocked, id=21112, stack(0x000000147bf00000,0x000000147c000000) (1024K)]
  0x000001ad548e7a10 JavaThread "Timer-274"                         [_thread_blocked, id=16392, stack(0x000000147c000000,0x000000147c100000) (1024K)]
  0x000001ad548e6cf0 JavaThread "Timer-275"                         [_thread_blocked, id=15880, stack(0x000000147c100000,0x000000147c200000) (1024K)]
  0x000001ad548e80a0 JavaThread "Timer-276"                         [_thread_blocked, id=13948, stack(0x000000147c200000,0x000000147c300000) (1024K)]
  0x000001ad548e9450 JavaThread "Timer-277"                         [_thread_blocked, id=14056, stack(0x000000147c300000,0x000000147c400000) (1024K)]
  0x000001ad548ea170 JavaThread "Worker-44: Initialize workspace"        [_thread_blocked, id=9724, stack(0x000000147c600000,0x000000147c700000) (1024K)]
  0x000001ad548ea800 JavaThread "Worker-45: Initialize workspace"        [_thread_blocked, id=21212, stack(0x000000147c700000,0x000000147c800000) (1024K)]
  0x000001ad548e9ae0 JavaThread "Timer-278"                         [_thread_blocked, id=18200, stack(0x000000147c400000,0x000000147c500000) (1024K)]
  0x000001ad548e7380 JavaThread "Timer-279"                         [_thread_blocked, id=11504, stack(0x000000147c800000,0x000000147c900000) (1024K)]
  0x000001ad548e6660 JavaThread "Timer-280"                         [_thread_blocked, id=11952, stack(0x000000147c500000,0x000000147c600000) (1024K)]
  0x000001ad548eae90 JavaThread "Timer-281"                         [_thread_blocked, id=10788, stack(0x000000147c900000,0x000000147ca00000) (1024K)]
  0x000001ad548ec8d0 JavaThread "Timer-282"                         [_thread_blocked, id=14580, stack(0x000000147ca00000,0x000000147cb00000) (1024K)]
  0x000001ad548ee9a0 JavaThread "Timer-283"                         [_thread_blocked, id=15108, stack(0x000000147cb00000,0x000000147cc00000) (1024K)]
  0x000001ad548eb520 JavaThread "Timer-284"                         [_thread_blocked, id=8732, stack(0x000000147cc00000,0x000000147cd00000) (1024K)]
  0x000001ad548ebbb0 JavaThread "Timer-285"                         [_thread_blocked, id=22608, stack(0x000000147ce00000,0x000000147cf00000) (1024K)]
  0x000001ad548ed5f0 JavaThread "Timer-286"                         [_thread_blocked, id=15376, stack(0x000000147cd00000,0x000000147ce00000) (1024K)]
  0x000001ad548ef6c0 JavaThread "Timer-287"                         [_thread_blocked, id=1436, stack(0x000000147d000000,0x000000147d100000) (1024K)]
  0x000001ad548ec240 JavaThread "Timer-288"                         [_thread_blocked, id=10548, stack(0x000000147cf00000,0x000000147d000000) (1024K)]
  0x000001ad548f03e0 JavaThread "Timer-289"                         [_thread_blocked, id=16916, stack(0x000000147d100000,0x000000147d200000) (1024K)]
  0x000001ad548ef030 JavaThread "Timer-290"                         [_thread_blocked, id=22708, stack(0x000000147d200000,0x000000147d300000) (1024K)]
  0x000001ad548efd50 JavaThread "Timer-291"                         [_thread_blocked, id=9384, stack(0x000000147d300000,0x000000147d400000) (1024K)]
  0x000001ad548ecf60 JavaThread "Timer-292"                         [_thread_blocked, id=2908, stack(0x000000147d400000,0x000000147d500000) (1024K)]
  0x000001ad548f1100 JavaThread "Timer-293"                         [_thread_blocked, id=13712, stack(0x000000147d500000,0x000000147d600000) (1024K)]
  0x000001ad548edc80 JavaThread "Timer-294"                         [_thread_blocked, id=13252, stack(0x000000147d600000,0x000000147d700000) (1024K)]
  0x000001ad548f1790 JavaThread "Timer-295"                         [_thread_blocked, id=12204, stack(0x000000147d700000,0x000000147d800000) (1024K)]
  0x000001ad548ee310 JavaThread "Timer-296"                         [_thread_blocked, id=4100, stack(0x000000147d800000,0x000000147d900000) (1024K)]
  0x000001ad548f1e20 JavaThread "Timer-297"                         [_thread_blocked, id=4384, stack(0x000000147d900000,0x000000147da00000) (1024K)]
  0x000001ad548f3ef0 JavaThread "Timer-298"                         [_thread_blocked, id=22736, stack(0x000000147da00000,0x000000147db00000) (1024K)]
  0x000001ad548f3860 JavaThread "Timer-299"                         [_thread_blocked, id=13444, stack(0x000000147db00000,0x000000147dc00000) (1024K)]
  0x000001ad548f0a70 JavaThread "Timer-300"                         [_thread_blocked, id=19984, stack(0x000000147dc00000,0x000000147dd00000) (1024K)]
  0x000001ad548f31d0 JavaThread "Timer-301"                         [_thread_blocked, id=6064, stack(0x000000147de00000,0x000000147df00000) (1024K)]
  0x000001ad548f5930 JavaThread "Timer-302"                         [_thread_blocked, id=9340, stack(0x000000147dd00000,0x000000147de00000) (1024K)]
  0x000001ad548f4c10 JavaThread "Timer-303"                         [_thread_blocked, id=6316, stack(0x000000147e100000,0x000000147e200000) (1024K)]
  0x000001ad548f2b40 JavaThread "Timer-304"                         [_thread_blocked, id=20588, stack(0x000000147df00000,0x000000147e000000) (1024K)]
  0x000001ad548f4580 JavaThread "Timer-305"                         [_thread_blocked, id=780, stack(0x000000147e300000,0x000000147e400000) (1024K)]
  0x000001ad548f24b0 JavaThread "Timer-306"                         [_thread_blocked, id=12596, stack(0x000000147e400000,0x000000147e500000) (1024K)]
  0x000001ad548f8090 JavaThread "Timer-307"                         [_thread_blocked, id=21904, stack(0x000000147e600000,0x000000147e700000) (1024K)]
  0x000001ad548f5fc0 JavaThread "Timer-308"                         [_thread_blocked, id=23168, stack(0x000000147e500000,0x000000147e600000) (1024K)]
  0x000001ad548f8720 JavaThread "Timer-309"                         [_thread_blocked, id=4312, stack(0x000000147e800000,0x000000147e900000) (1024K)]
  0x000001ad548f9440 JavaThread "Worker-47: Initialize workspace"        [_thread_blocked, id=20308, stack(0x000000147ea00000,0x000000147eb00000) (1024K)]
  0x000001ad548f8db0 JavaThread "Timer-310"                         [_thread_blocked, id=23496, stack(0x000000147e200000,0x000000147e300000) (1024K)]
  0x000001ad548f7370 JavaThread "Timer-311"                         [_thread_blocked, id=17612, stack(0x000000147e900000,0x000000147ea00000) (1024K)]
  0x000001ad548f9ad0 JavaThread "Timer-312"                         [_thread_blocked, id=3764, stack(0x000000147e700000,0x000000147e800000) (1024K)]
  0x000001ad548f7a00 JavaThread "Timer-313"                         [_thread_blocked, id=23088, stack(0x000000147eb00000,0x000000147ec00000) (1024K)]
  0x000001ad548f6650 JavaThread "Timer-314"                         [_thread_blocked, id=4472, stack(0x000000147ec00000,0x000000147ed00000) (1024K)]
  0x000001ad548fd5e0 JavaThread "Timer-315"                         [_thread_blocked, id=21808, stack(0x000000147ed00000,0x000000147ee00000) (1024K)]
  0x000001ad548fcf50 JavaThread "Timer-316"                         [_thread_blocked, id=11484, stack(0x000000147ee00000,0x000000147ef00000) (1024K)]
  0x000001ad548fa160 JavaThread "Timer-317"                         [_thread_blocked, id=19004, stack(0x000000147f000000,0x000000147f100000) (1024K)]
  0x000001ad548fa7f0 JavaThread "Timer-318"                         [_thread_blocked, id=14844, stack(0x000000147ef00000,0x000000147f000000) (1024K)]
  0x000001ad548fc230 JavaThread "Timer-319"                         [_thread_blocked, id=5292, stack(0x000000147f100000,0x000000147f200000) (1024K)]
  0x000001ad548fae80 JavaThread "Timer-320"                         [_thread_blocked, id=8652, stack(0x000000147f300000,0x000000147f400000) (1024K)]
  0x000001ad548fb510 JavaThread "Timer-321"                         [_thread_blocked, id=5012, stack(0x000000147f400000,0x000000147f500000) (1024K)]
  0x000001ad548fe990 JavaThread "Timer-322"                         [_thread_blocked, id=6176, stack(0x000000147f500000,0x000000147f600000) (1024K)]
  0x000001ad548ff020 JavaThread "Timer-323"                         [_thread_blocked, id=19580, stack(0x000000147f600000,0x000000147f700000) (1024K)]
  0x000001ad548fbba0 JavaThread "Timer-324"                         [_thread_blocked, id=9188, stack(0x000000147f700000,0x000000147f800000) (1024K)]
  0x000001ad548ff6b0 JavaThread "Timer-325"                         [_thread_blocked, id=12576, stack(0x000000147f900000,0x000000147fa00000) (1024K)]
  0x000001ad54900a60 JavaThread "Worker-49: Initialize workspace"        [_thread_blocked, id=22684, stack(0x000000147fb00000,0x000000147fc00000) (1024K)]
  0x000001ad548ffd40 JavaThread "Timer-326"                         [_thread_blocked, id=11500, stack(0x000000147f800000,0x000000147f900000) (1024K)]
  0x000001ad548fc8c0 JavaThread "Timer-327"                         [_thread_blocked, id=23408, stack(0x000000147fc00000,0x000000147fd00000) (1024K)]
  0x000001ad549024a0 JavaThread "Timer-328"                         [_thread_blocked, id=22128, stack(0x000000147fa00000,0x000000147fb00000) (1024K)]
  0x000001ad54901780 JavaThread "Timer-329"                         [_thread_blocked, id=4624, stack(0x000000147fd00000,0x000000147fe00000) (1024K)]
  0x000001ad549010f0 JavaThread "Timer-330"                         [_thread_blocked, id=22400, stack(0x000000147fe00000,0x000000147ff00000) (1024K)]
  0x000001ad54901e10 JavaThread "Timer-331"                         [_thread_blocked, id=21856, stack(0x000000147ff00000,0x0000001480000000) (1024K)]
  0x000001ad54902b30 JavaThread "Timer-332"                         [_thread_blocked, id=13372, stack(0x0000001400000000,0x0000001400100000) (1024K)]
  0x000001ad549031c0 JavaThread "Timer-333"                         [_thread_blocked, id=11836, stack(0x0000001400200000,0x0000001400300000) (1024K)]
  0x000001ad54903ee0 JavaThread "Worker-50: Initialize workspace"        [_thread_blocked, id=4048, stack(0x0000001400400000,0x0000001400500000) (1024K)]
  0x000001ad54903850 JavaThread "Timer-334"                         [_thread_blocked, id=4784, stack(0x0000001400100000,0x0000001400200000) (1024K)]
  0x000001ad549003d0 JavaThread "Timer-335"                         [_thread_blocked, id=19216, stack(0x0000001400300000,0x0000001400400000) (1024K)]
  0x000001ad54904c00 JavaThread "Timer-336"                         [_thread_blocked, id=6244, stack(0x0000001400600000,0x0000001400700000) (1024K)]
  0x000001ad54905290 JavaThread "Timer-337"                         [_thread_blocked, id=16380, stack(0x0000001400800000,0x0000001400900000) (1024K)]
  0x000001ad53d0b5c0 JavaThread "Timer-338"                         [_thread_blocked, id=20644, stack(0x0000001400900000,0x0000001400a00000) (1024K)]
  0x000001ad5cdab6b0 JavaThread "Timer-339"                         [_thread_blocked, id=5660, stack(0x0000001400a00000,0x0000001400b00000) (1024K)]
  0x000001ad5cda8230 JavaThread "Timer-340"                         [_thread_blocked, id=13352, stack(0x0000001400b00000,0x0000001400c00000) (1024K)]
  0x000001ad5cda88c0 JavaThread "Timer-341"                         [_thread_blocked, id=17928, stack(0x0000001400c00000,0x0000001400d00000) (1024K)]
  0x000001ad5cdaa300 JavaThread "Worker-52: Initialize workspace"        [_thread_blocked, id=2228, stack(0x0000001400f00000,0x0000001401000000) (1024K)]
  0x000001ad5cda8f50 JavaThread "Timer-342"                         [_thread_blocked, id=13944, stack(0x0000001400d00000,0x0000001400e00000) (1024K)]
  0x000001ad5cdabd40 JavaThread "Timer-343"                         [_thread_blocked, id=19812, stack(0x0000001401000000,0x0000001401100000) (1024K)]
  0x000001ad5cda9c70 JavaThread "Timer-344"                         [_thread_blocked, id=8124, stack(0x0000001400e00000,0x0000001400f00000) (1024K)]
  0x000001ad5cda95e0 JavaThread "Timer-345"                         [_thread_blocked, id=7028, stack(0x0000001401100000,0x0000001401200000) (1024K)]
  0x000001ad5cdad0f0 JavaThread "Timer-346"                         [_thread_blocked, id=23336, stack(0x0000001401200000,0x0000001401300000) (1024K)]
  0x000001ad5cdaa990 JavaThread "Timer-347"                         [_thread_blocked, id=19076, stack(0x0000001401300000,0x0000001401400000) (1024K)]
  0x000001ad5cdab020 JavaThread "Timer-348"                         [_thread_blocked, id=20392, stack(0x0000001401400000,0x0000001401500000) (1024K)]
  0x000001ad5cd912b0 JavaThread "Timer-349"                         [_thread_blocked, id=5504, stack(0x0000001401600000,0x0000001401700000) (1024K)]
  0x000001ad5cd8f870 JavaThread "Worker-53: Initialize workspace"        [_thread_blocked, id=11396, stack(0x0000001401800000,0x0000001401900000) (1024K)]
  0x000001ad5cd8eb50 JavaThread "Timer-350"                         [_thread_blocked, id=5228, stack(0x0000001400500000,0x0000001400600000) (1024K)]
  0x000001ad5cd8f1e0 JavaThread "Timer-351"                         [_thread_blocked, id=14936, stack(0x0000001401700000,0x0000001401800000) (1024K)]
  0x000001ad5cd90c20 JavaThread "Timer-352"                         [_thread_blocked, id=5844, stack(0x0000001401500000,0x0000001401600000) (1024K)]
  0x000001ad5cd8e4c0 JavaThread "Timer-353"                         [_thread_blocked, id=15708, stack(0x0000001401900000,0x0000001401a00000) (1024K)]
  0x000001ad5cd8ff00 JavaThread "Timer-354"                         [_thread_blocked, id=16868, stack(0x0000001401a00000,0x0000001401b00000) (1024K)]
  0x000001ad5cd90590 JavaThread "Timer-355"                         [_thread_blocked, id=20412, stack(0x0000001401c00000,0x0000001401d00000) (1024K)]
  0x000001ad5cd8de30 JavaThread "Timer-356"                         [_thread_blocked, id=18532, stack(0x0000001401b00000,0x0000001401c00000) (1024K)]
  0x000001ad5cd92660 JavaThread "Timer-357"                         [_thread_blocked, id=21272, stack(0x0000001401e00000,0x0000001401f00000) (1024K)]
  0x000001ad5cd91fd0 JavaThread "Timer-358"                         [_thread_blocked, id=13452, stack(0x0000001401d00000,0x0000001401e00000) (1024K)]
  0x000001ad5cd92cf0 JavaThread "Timer-359"                         [_thread_blocked, id=20696, stack(0x0000001401f00000,0x0000001402000000) (1024K)]
  0x000001ad5cd91940 JavaThread "Timer-360"                         [_thread_blocked, id=15128, stack(0x0000001402200000,0x0000001402300000) (1024K)]
  0x000001ad5cd96800 JavaThread "Timer-361"                         [_thread_blocked, id=18932, stack(0x0000001402300000,0x0000001402400000) (1024K)]
  0x000001ad5cd94730 JavaThread "Timer-362"                         [_thread_blocked, id=12968, stack(0x0000001402400000,0x0000001402500000) (1024K)]
  0x000001ad5cd95450 JavaThread "Timer-363"                         [_thread_blocked, id=19124, stack(0x0000001402500000,0x0000001402600000) (1024K)]
  0x000001ad5cd95ae0 JavaThread "Timer-364"                         [_thread_blocked, id=19760, stack(0x0000001402600000,0x0000001402700000) (1024K)]
  0x000001ad5cd96170 JavaThread "Timer-365"                         [_thread_blocked, id=3624, stack(0x0000001402700000,0x0000001402800000) (1024K)]
  0x000001ad5cd93a10 JavaThread "Timer-366"                         [_thread_blocked, id=380, stack(0x0000001402800000,0x0000001402900000) (1024K)]
  0x000001ad5cd93380 JavaThread "Timer-367"                         [_thread_blocked, id=17464, stack(0x0000001402e00000,0x0000001402f00000) (1024K)]
  0x000001ad5cd97bb0 JavaThread "Timer-368"                         [_thread_blocked, id=9376, stack(0x0000001402900000,0x0000001402a00000) (1024K)]
  0x000001ad5cd98240 JavaThread "Timer-369"                         [_thread_blocked, id=17728, stack(0x0000001402f00000,0x0000001403000000) (1024K)]
  0x000001ad5cd97520 JavaThread "Timer-370"                         [_thread_blocked, id=1512, stack(0x0000001403000000,0x0000001403100000) (1024K)]
  0x000001ad5cd988d0 JavaThread "Timer-371"                         [_thread_blocked, id=1832, stack(0x0000001403100000,0x0000001403200000) (1024K)]
  0x000001ad5cd98f60 JavaThread "Timer-372"                         [_thread_blocked, id=16148, stack(0x0000001403200000,0x0000001403300000) (1024K)]
  0x000001ad5cd995f0 JavaThread "Timer-373"                         [_thread_blocked, id=15620, stack(0x0000001403400000,0x0000001403500000) (1024K)]
  0x000001ad5cd9a310 JavaThread "Worker-91: Initialize workspace"        [_thread_blocked, id=1272, stack(0x0000001403600000,0x0000001403700000) (1024K)]
  0x000001ad5cd940a0 JavaThread "Timer-374"                         [_thread_blocked, id=3300, stack(0x0000001402100000,0x0000001402200000) (1024K)]
  0x000001ad5cd99c80 JavaThread "Timer-375"                         [_thread_blocked, id=20256, stack(0x0000001403500000,0x0000001403600000) (1024K)]
  0x000001ad5cd96e90 JavaThread "Timer-376"                         [_thread_blocked, id=17852, stack(0x0000001403300000,0x0000001403400000) (1024K)]
  0x000001ad5cd9b030 JavaThread "Timer-377"                         [_thread_blocked, id=13704, stack(0x0000001403700000,0x0000001403800000) (1024K)]
  0x000001ad5cd9c3e0 JavaThread "Timer-378"                         [_thread_blocked, id=17012, stack(0x0000001403800000,0x0000001403900000) (1024K)]
  0x000001ad5cd9b6c0 JavaThread "Timer-379"                         [_thread_blocked, id=8736, stack(0x0000001403900000,0x0000001403a00000) (1024K)]
  0x000001ad5cd9ca70 JavaThread "Timer-380"                         [_thread_blocked, id=20444, stack(0x0000001403b00000,0x0000001403c00000) (1024K)]
  0x000001ad5cd9eb40 JavaThread "Timer-381"                         [_thread_blocked, id=22132, stack(0x0000001403d00000,0x0000001403e00000) (1024K)]
  0x000001ad5cd9d100 JavaThread "Timer-382"                         [_thread_blocked, id=11580, stack(0x0000001403c00000,0x0000001403d00000) (1024K)]
  0x000001ad5cd9d790 JavaThread "Timer-383"                         [_thread_blocked, id=23532, stack(0x0000001403f00000,0x0000001404000000) (1024K)]
  0x000001ad5cd9bd50 JavaThread "Timer-384"                         [_thread_blocked, id=1556, stack(0x0000001403e00000,0x0000001403f00000) (1024K)]
  0x000001ad5cd94dc0 JavaThread "Worker-134: Initialize workspace"        [_thread_blocked, id=13256, stack(0x0000001402000000,0x0000001402100000) (1024K)]
  0x000001ad5cd9f860 JavaThread "Worker-191: Initialize workspace"        [_thread_blocked, id=9200, stack(0x0000001400700000,0x0000001400800000) (1024K)]
  0x000001ad5cd9e4b0 JavaThread "Timer-385"                         [_thread_blocked, id=11164, stack(0x0000001404100000,0x0000001404200000) (1024K)]
  0x000001ad5cd9f1d0 JavaThread "Timer-386"                         [_thread_blocked, id=21560, stack(0x0000001404200000,0x0000001404300000) (1024K)]
  0x000001ad5cda0580 JavaThread "Timer-387"                         [_thread_blocked, id=10316, stack(0x0000001404300000,0x0000001404400000) (1024K)]
  0x000001ad5cda0c10 JavaThread "Timer-388"                         [_thread_blocked, id=7708, stack(0x0000001404400000,0x0000001404500000) (1024K)]
  0x000001ad5cda12a0 JavaThread "Timer-389"                         [_thread_blocked, id=7336, stack(0x0000001404600000,0x0000001404700000) (1024K)]
  0x000001ad5cd9de20 JavaThread "Timer-390"                         [_thread_blocked, id=6468, stack(0x0000001404500000,0x0000001404600000) (1024K)]
  0x000001ad5cda2650 JavaThread "Timer-391"                         [_thread_blocked, id=13276, stack(0x0000001404700000,0x0000001404800000) (1024K)]
  0x000001ad5cda4720 JavaThread "Timer-392"                         [_thread_blocked, id=16140, stack(0x0000001404800000,0x0000001404900000) (1024K)]
  0x000001ad5cda1fc0 JavaThread "Timer-393"                         [_thread_blocked, id=5680, stack(0x0000001404900000,0x0000001404a00000) (1024K)]
  0x000001ad5cda3370 JavaThread "Timer-394"                         [_thread_blocked, id=10260, stack(0x0000001404c00000,0x0000001404d00000) (1024K)]
  0x000001ad5cd9fef0 JavaThread "Timer-395"                         [_thread_blocked, id=10748, stack(0x0000001404d00000,0x0000001404e00000) (1024K)]
  0x000001ad5cda5440 JavaThread "Timer-396"                         [_thread_blocked, id=17768, stack(0x0000001404e00000,0x0000001404f00000) (1024K)]
  0x000001ad5cda4090 JavaThread "Timer-397"                         [_thread_blocked, id=12292, stack(0x0000001405000000,0x0000001405100000) (1024K)]
  0x000001ad5cda5ad0 JavaThread "Timer-398"                         [_thread_blocked, id=19384, stack(0x0000001404f00000,0x0000001405000000) (1024K)]
  0x000001ad5cda6160 JavaThread "Timer-399"                         [_thread_blocked, id=21592, stack(0x0000001405200000,0x0000001405300000) (1024K)]
  0x000001ad5cda67f0 JavaThread "Timer-400"                         [_thread_blocked, id=20520, stack(0x0000001405100000,0x0000001405200000) (1024K)]
  0x000001ad5cd9a9a0 JavaThread "Worker-338: Initialize workspace"        [_thread_blocked, id=14940, stack(0x0000001404000000,0x0000001404100000) (1024K)]
  0x000001ad5cda1930 JavaThread "Timer-401"                         [_thread_blocked, id=23452, stack(0x0000001405300000,0x0000001405400000) (1024K)]
  0x000001ad5cda6e80 JavaThread "Timer-402"                         [_thread_blocked, id=23108, stack(0x0000001405400000,0x0000001405500000) (1024K)]
  0x000001ad5cda7510 JavaThread "Timer-403"                         [_thread_blocked, id=15104, stack(0x0000001405500000,0x0000001405600000) (1024K)]
  0x000001ad5cda7ba0 JavaThread "Timer-404"                         [_thread_blocked, id=8456, stack(0x0000001405600000,0x0000001405700000) (1024K)]
  0x000001ad5cdaca60 JavaThread "Timer-405"                         [_thread_blocked, id=13032, stack(0x0000001405800000,0x0000001405900000) (1024K)]
  0x000001ad5290da10 JavaThread "Timer-406"                         [_thread_blocked, id=17020, stack(0x0000001404a00000,0x0000001404b00000) (1024K)]
  0x000001ad7eb74370 JavaThread "Timer-407"                         [_thread_blocked, id=19336, stack(0x0000001405900000,0x0000001405a00000) (1024K)]
  0x000001ad548e5fd0 JavaThread "Timer-408"                         [_thread_blocked, id=10076, stack(0x0000001405700000,0x0000001405800000) (1024K)]
  0x000001ad548fdc70 JavaThread "Timer-409"                         [_thread_blocked, id=15812, stack(0x0000001405f00000,0x0000001406000000) (1024K)]
  0x000001ad5cda3a00 JavaThread "Timer-410"                         [_thread_blocked, id=15704, stack(0x0000001406000000,0x0000001406100000) (1024K)]
  0x000001ad5051f3d0 JavaThread "Timer-411"                         [_thread_blocked, id=21424, stack(0x0000001406100000,0x0000001406200000) (1024K)]
  0x000001ad7eb72930 JavaThread "Timer-412"                         [_thread_blocked, id=2860, stack(0x0000001406200000,0x0000001406300000) (1024K)]
  0x000001ad53d0e3b0 JavaThread "Timer-413"                         [_thread_blocked, id=16476, stack(0x0000001404b00000,0x0000001404c00000) (1024K)]
  0x000001ad511adac0 JavaThread "Timer-414"                         [_thread_blocked, id=21092, stack(0x0000001406300000,0x0000001406400000) (1024K)]
  0x000001ad511ac080 JavaThread "Timer-415"                         [_thread_blocked, id=18080, stack(0x0000001406500000,0x0000001406600000) (1024K)]
  0x000001ad511ac710 JavaThread "Timer-416"                         [_thread_blocked, id=23176, stack(0x0000001406400000,0x0000001406500000) (1024K)]
  0x000001ad511ad430 JavaThread "Worker-593: Initialize workspace"        [_thread_blocked, id=8412, stack(0x0000001405a00000,0x0000001405b00000) (1024K)]
  0x000001ad511ab360 JavaThread "Timer-417"                         [_thread_blocked, id=22732, stack(0x0000001406800000,0x0000001406900000) (1024K)]
  0x000001ad511b0f40 JavaThread "Timer-418"                         [_thread_blocked, id=7008, stack(0x0000001406900000,0x0000001406a00000) (1024K)]
  0x000001ad511b15d0 JavaThread "Timer-419"                         [_thread_blocked, id=3552, stack(0x0000001406a00000,0x0000001406b00000) (1024K)]
  0x000001ad511b08b0 JavaThread "Timer-420"                         [_thread_blocked, id=14008, stack(0x0000001406b00000,0x0000001406c00000) (1024K)]
  0x000001ad511b22f0 JavaThread "Timer-421"                         [_thread_blocked, id=8356, stack(0x0000001406d00000,0x0000001406e00000) (1024K)]
  0x000001ad511b0220 JavaThread "Timer-422"                         [_thread_blocked, id=16064, stack(0x0000001406c00000,0x0000001406d00000) (1024K)]
  0x000001ad511b1c60 JavaThread "Timer-423"                         [_thread_blocked, id=13068, stack(0x0000001406e00000,0x0000001406f00000) (1024K)]
  0x000001ad511aee70 JavaThread "Timer-424"                         [_thread_blocked, id=18744, stack(0x0000001406f00000,0x0000001407000000) (1024K)]
  0x000001ad511ae150 JavaThread "Worker-673: Initialize workspace"        [_thread_blocked, id=1948, stack(0x0000001405e00000,0x0000001405f00000) (1024K)]
  0x000001ad511ab9f0 JavaThread "Timer-425"                         [_thread_blocked, id=11372, stack(0x0000001406700000,0x0000001406800000) (1024K)]
  0x000001ad511b2980 JavaThread "Timer-426"                         [_thread_blocked, id=18720, stack(0x0000001407000000,0x0000001407100000) (1024K)]
  0x000001ad511af500 JavaThread "Timer-427"                         [_thread_blocked, id=21400, stack(0x0000001407200000,0x0000001407300000) (1024K)]
  0x000001ad511afb90 JavaThread "Timer-428"                         [_thread_blocked, id=17172, stack(0x0000001407300000,0x0000001407400000) (1024K)]
  0x000001ad511b43c0 JavaThread "Timer-429"                         [_thread_blocked, id=14116, stack(0x0000001407500000,0x0000001407600000) (1024K)]
  0x000001ad511b36a0 JavaThread "Timer-430"                         [_thread_blocked, id=14064, stack(0x0000001407400000,0x0000001407500000) (1024K)]
  0x000001ad511b6490 JavaThread "Timer-431"                         [_thread_blocked, id=928, stack(0x0000001407700000,0x0000001407800000) (1024K)]
  0x000001ad511b6b20 JavaThread "Timer-432"                         [_thread_blocked, id=2948, stack(0x0000001407600000,0x0000001407700000) (1024K)]
  0x000001ad511b50e0 JavaThread "Worker-800: Initialize workspace"        [_thread_blocked, id=3484, stack(0x0000001405b00000,0x0000001405c00000) (1024K)]
  0x000001ad511b5e00 JavaThread "Timer-433"                         [_thread_blocked, id=10364, stack(0x0000001407a00000,0x0000001407b00000) (1024K)]
  0x000001ad511b71b0 JavaThread "Timer-434"                         [_thread_blocked, id=15496, stack(0x0000001407b00000,0x0000001407c00000) (1024K)]
  0x000001ad511b3d30 JavaThread "Timer-435"                         [_thread_blocked, id=13616, stack(0x0000001407d00000,0x0000001407e00000) (1024K)]
  0x000001ad511b7ed0 JavaThread "Timer-436"                         [_thread_blocked, id=18048, stack(0x0000001407c00000,0x0000001407d00000) (1024K)]
  0x000001ad511b8560 JavaThread "Timer-437"                         [_thread_blocked, id=1416, stack(0x0000001407f00000,0x0000001408000000) (1024K)]
  0x000001ad511b7840 JavaThread "Timer-438"                         [_thread_blocked, id=18136, stack(0x0000001407e00000,0x0000001407f00000) (1024K)]
  0x000001ad511b8bf0 JavaThread "Timer-439"                         [_thread_blocked, id=19556, stack(0x0000001408100000,0x0000001408200000) (1024K)]
  0x000001ad511b9910 JavaThread "Timer-440"                         [_thread_blocked, id=17564, stack(0x0000001408000000,0x0000001408100000) (1024K)]
  0x000001ad548f52a0 JavaThread "Worker-864: Initialize workspace"        [_thread_blocked, id=18556, stack(0x0000001407800000,0x0000001407900000) (1024K)]
  0x000001ad511b3010 JavaThread "Timer-441"                         [_thread_blocked, id=14660, stack(0x0000001408200000,0x0000001408300000) (1024K)]
  0x000001ad511b9fa0 JavaThread "Timer-442"                         [_thread_blocked, id=13844, stack(0x0000001408300000,0x0000001408400000) (1024K)]
  0x000001ad5290e0a0 JavaThread "Timer-443"                         [_thread_blocked, id=3260, stack(0x0000001408500000,0x0000001408600000) (1024K)]
  0x000001ad5cda2ce0 JavaThread "Timer-444"                         [_thread_blocked, id=14112, stack(0x0000001408400000,0x0000001408500000) (1024K)]
  0x000001ad54a9d530 JavaThread "Timer-445"                         [_thread_blocked, id=11336, stack(0x0000001408700000,0x0000001408800000) (1024K)]
  0x000001ad54a9b460 JavaThread "Timer-446"                         [_thread_blocked, id=20928, stack(0x0000001408600000,0x0000001408700000) (1024K)]
  0x000001ad54a9cea0 JavaThread "Timer-447"                         [_thread_blocked, id=9712, stack(0x0000001408900000,0x0000001408a00000) (1024K)]
  0x000001ad54a9ef70 JavaThread "Timer-448"                         [_thread_blocked, id=20940, stack(0x0000001408800000,0x0000001408900000) (1024K)]
  0x000001ad54a9e250 JavaThread "Worker-997: Initialize workspace"        [_thread_blocked, id=18144, stack(0x0000001407900000,0x0000001407a00000) (1024K)]
  0x000001ad54a9c810 JavaThread "Worker-1010: Refreshing workspace"        [_thread_blocked, id=8920, stack(0x0000001407100000,0x0000001407200000) (1024K)]
  0x000001ad54a9f600 JavaThread "Timer-449"                         [_thread_blocked, id=11880, stack(0x0000001408c00000,0x0000001408d00000) (1024K)]
  0x000001ad54a9c180 JavaThread "Timer-450"                         [_thread_blocked, id=10028, stack(0x0000001408d00000,0x0000001408e00000) (1024K)]
  0x000001ad54a9fc90 JavaThread "Timer-451"                         [_thread_blocked, id=17832, stack(0x0000001408e00000,0x0000001408f00000) (1024K)]
  0x000001ad54aa0320 JavaThread "Timer-452"                         [_thread_blocked, id=9600, stack(0x0000001408f00000,0x0000001409000000) (1024K)]
  0x000001ad54a816f0 JavaThread "Timer-453"                         [_thread_blocked, id=19468, stack(0x0000001409100000,0x0000001409200000) (1024K)]
  0x000001ad54a81d80 JavaThread "Timer-454"                         [_thread_blocked, id=6276, stack(0x0000001402a00000,0x0000001402b00000) (1024K)]
  0x000001ad54a83e50 JavaThread "Timer-455"                         [_thread_blocked, id=17900, stack(0x0000001402b00000,0x0000001402c00000) (1024K)]
  0x000001ad54a81060 JavaThread "Timer-456"                         [_thread_blocked, id=8288, stack(0x0000001402c00000,0x0000001402d00000) (1024K)]
  0x000001ad54a9baf0 JavaThread "Worker-1056: Initialize workspace"        [_thread_blocked, id=5908, stack(0x0000001402d00000,0x0000001402e00000) (1024K)]
  0x000001ad54a9dbc0 JavaThread "Worker-1058: Check JDK Index"        [_thread_blocked, id=12124, stack(0x0000001406600000,0x0000001406700000) (1024K)]
  0x000001ad54a85890 JavaThread "Worker-1059: Check JDK Index"        [_thread_blocked, id=11788, stack(0x0000001408b00000,0x0000001408c00000) (1024K)]
  0x000001ad54a82aa0 JavaThread "Worker-1060: Check JDK Index"        [_thread_blocked, id=19348, stack(0x0000001409000000,0x0000001409100000) (1024K)]
  0x000001ad54a83130 JavaThread "Worker-1061: Check JDK Index"        [_thread_blocked, id=19352, stack(0x0000001409200000,0x0000001409300000) (1024K)]
  0x000001ad54a82410 JavaThread "Worker-1062: Check JDK Index"        [_thread_blocked, id=4420, stack(0x0000001409300000,0x0000001409400000) (1024K)]
  0x000001ad54a84b70 JavaThread "Worker-1063: Check JDK Index"        [_thread_blocked, id=17872, stack(0x0000001409400000,0x0000001409500000) (1024K)]
  0x000001ad54a865b0 JavaThread "Worker-1064: Check JDK Index"        [_thread_blocked, id=21244, stack(0x0000001409500000,0x0000001409600000) (1024K)]
  0x000001ad54a86c40 JavaThread "Worker-1065: Check JDK Index"        [_thread_blocked, id=22940, stack(0x0000001409600000,0x0000001409700000) (1024K)]
  0x000001ad54a85f20 JavaThread "Worker-1066: Check JDK Index"        [_thread_blocked, id=3788, stack(0x0000001409700000,0x0000001409800000) (1024K)]
  0x000001ad54a85200 JavaThread "Worker-1067: Check JDK Index"        [_thread_blocked, id=11120, stack(0x0000001409800000,0x0000001409900000) (1024K)]
  0x000001ad54a837c0 JavaThread "Worker-1068: Check JDK Index"        [_thread_blocked, id=9468, stack(0x0000001409900000,0x0000001409a00000) (1024K)]
  0x000001ad54a872d0 JavaThread "Worker-1069: Check JDK Index"        [_thread_blocked, id=16620, stack(0x0000001409a00000,0x0000001409b00000) (1024K)]
  0x000001ad54a87960 JavaThread "Worker-1070: Check JDK Index"        [_thread_blocked, id=18668, stack(0x0000001409b00000,0x0000001409c00000) (1024K)]
  0x000001ad54a844e0 JavaThread "Worker-1071: Check JDK Index"        [_thread_blocked, id=18824, stack(0x0000001409c00000,0x0000001409d00000) (1024K)]
  0x000001ad54a8a750 JavaThread "Worker-1072: Check JDK Index"        [_thread_blocked, id=9016, stack(0x0000001409d00000,0x0000001409e00000) (1024K)]
  0x000001ad54a8a0c0 JavaThread "Worker-1073: Check JDK Index"        [_thread_blocked, id=1560, stack(0x0000001409e00000,0x0000001409f00000) (1024K)]
  0x000001ad54a89a30 JavaThread "Worker-1074: Check JDK Index"        [_thread_blocked, id=8400, stack(0x0000001409f00000,0x000000140a000000) (1024K)]
  0x000001ad54a8b470 JavaThread "Worker-1076: Check JDK Index"        [_thread_blocked, id=12248, stack(0x000000140a100000,0x000000140a200000) (1024K)]
  0x000001ad54a87ff0 JavaThread "Worker-1077: Check JDK Index"        [_thread_blocked, id=10660, stack(0x000000140a200000,0x000000140a300000) (1024K)]
  0x000001ad54a88d10 JavaThread "Worker-1078: Check JDK Index"        [_thread_blocked, id=11716, stack(0x000000140a300000,0x000000140a400000) (1024K)]
  0x000001ad54a8ade0 JavaThread "Worker-1079: Check JDK Index"        [_thread_blocked, id=17864, stack(0x000000140a400000,0x000000140a500000) (1024K)]
  0x000001ad54a8bb00 JavaThread "Worker-1080: Check JDK Index"        [_thread_blocked, id=16152, stack(0x000000140a500000,0x000000140a600000) (1024K)]
  0x000001ad54a8ef80 JavaThread "Worker-1083: Check JDK Index"        [_thread_blocked, id=9808, stack(0x000000140a800000,0x000000140a900000) (1024K)]
  0x000001ad54a8dbd0 JavaThread "Worker-1085: Check JDK Index"        [_thread_blocked, id=21492, stack(0x000000140aa00000,0x000000140ab00000) (1024K)]
  0x000001ad54a8c820 JavaThread "Worker-1087: Check JDK Index"        [_thread_blocked, id=9868, stack(0x000000140a900000,0x000000140aa00000) (1024K)]
  0x000001ad54a8e260 JavaThread "Worker-1089: Check JDK Index"        [_thread_blocked, id=9232, stack(0x000000140ab00000,0x000000140ac00000) (1024K)]
  0x000001ad54a8e8f0 JavaThread "Worker-1090: Check JDK Index"        [_thread_blocked, id=17484, stack(0x000000140ac00000,0x000000140ad00000) (1024K)]
  0x000001ad54a8f610 JavaThread "Worker-1091: Check JDK Index"        [_thread_blocked, id=22740, stack(0x000000140ad00000,0x000000140ae00000) (1024K)]
  0x000001ad54a8c190 JavaThread "Worker-1092: Check JDK Index"        [_thread_blocked, id=14888, stack(0x000000140ae00000,0x000000140af00000) (1024K)]
  0x000001ad54a8fca0 JavaThread "Worker-1093: Check JDK Index"        [_thread_blocked, id=15064, stack(0x000000140af00000,0x000000140b000000) (1024K)]
  0x000001ad54a8ceb0 JavaThread "Worker-1094: Check JDK Index"        [_thread_blocked, id=16440, stack(0x000000140b000000,0x000000140b100000) (1024K)]
  0x000001ad54a909c0 JavaThread "Worker-1095: Check JDK Index"        [_thread_blocked, id=10372, stack(0x000000140b100000,0x000000140b200000) (1024K)]
  0x000001ad54a93120 JavaThread "Worker-1096: Check JDK Index"        [_thread_blocked, id=14028, stack(0x000000140b200000,0x000000140b300000) (1024K)]
  0x000001ad54a916e0 JavaThread "Worker-1097: Check JDK Index"        [_thread_blocked, id=18064, stack(0x000000140b300000,0x000000140b400000) (1024K)]
  0x000001ad54a92400 JavaThread "Worker-1098: Check JDK Index"        [_thread_blocked, id=2212, stack(0x000000140b400000,0x000000140b500000) (1024K)]
  0x000001ad54a92a90 JavaThread "Worker-1099: Check JDK Index"        [_thread_blocked, id=6372, stack(0x000000140b500000,0x000000140b600000) (1024K)]
  0x000001ad54a91050 JavaThread "Worker-1100: Check JDK Index"        [_thread_blocked, id=9504, stack(0x000000140b600000,0x000000140b700000) (1024K)]
  0x000001ad54a937b0 JavaThread "Worker-1101: Check JDK Index"        [_thread_blocked, id=20304, stack(0x000000140b700000,0x000000140b800000) (1024K)]
  0x000001ad54a91d70 JavaThread "Worker-1102: Check JDK Index"        [_thread_blocked, id=4568, stack(0x000000140b800000,0x000000140b900000) (1024K)]
  0x000001ad54a965a0 JavaThread "Worker-1104: Check JDK Index"        [_thread_blocked, id=5652, stack(0x000000140ba00000,0x000000140bb00000) (1024K)]
  0x000001ad54a96c30 JavaThread "Worker-1105: Check JDK Index"        [_thread_blocked, id=7716, stack(0x000000140bb00000,0x000000140bc00000) (1024K)]
  0x000001ad54a93e40 JavaThread "Worker-1107: Check JDK Index"        [_thread_blocked, id=10520, stack(0x000000140bd00000,0x000000140be00000) (1024K)]
  0x000001ad54a951f0 JavaThread "Worker-1108: Check JDK Index"        [_thread_blocked, id=15192, stack(0x000000140be00000,0x000000140bf00000) (1024K)]
  0x000001ad54a97950 JavaThread "Worker-1110: Check JDK Index"        [_thread_blocked, id=19684, stack(0x000000140c000000,0x000000140c100000) (1024K)]
  0x000001ad54a944d0 JavaThread "Worker-1111: Check JDK Index"        [_thread_blocked, id=3604, stack(0x000000140c100000,0x000000140c200000) (1024K)]
  0x000001ad54a97fe0 JavaThread "Worker-1112: Check JDK Index"        [_thread_blocked, id=19328, stack(0x000000140c200000,0x000000140c300000) (1024K)]
  0x000001ad54a94b60 JavaThread "Worker-1114: Check JDK Index"        [_thread_blocked, id=20876, stack(0x000000140c400000,0x000000140c500000) (1024K)]
  0x000001ad54a99a20 JavaThread "Timer-457"                         [_thread_blocked, id=12624, stack(0x000000140c700000,0x000000140c800000) (1024K)]
  0x000001ad54a9a740 JavaThread "Timer-458"                         [_thread_blocked, id=9156, stack(0x000000140c800000,0x000000140c900000) (1024K)]
  0x000001ad54a98d00 JavaThread "Timer-459"                         [_thread_blocked, id=20324, stack(0x000000140c900000,0x000000140ca00000) (1024K)]
  0x000001ad54a9a0b0 JavaThread "Timer-460"                         [_thread_blocked, id=7552, stack(0x000000140ca00000,0x000000140cb00000) (1024K)]
  0x000001ad511aacd0 JavaThread "Timer-461"                         [_thread_blocked, id=16364, stack(0x000000140cb00000,0x000000140cc00000) (1024K)]
  0x000001ad54a9e8e0 JavaThread "PatternSearchJob-worker-1"  daemon [_thread_blocked, id=16336, stack(0x000000140c500000,0x000000140c600000) (1024K)]
  0x000001ad54a99390 JavaThread "PatternSearchJob-worker-2"  daemon [_thread_blocked, id=6540, stack(0x000000140ce00000,0x000000140cf00000) (1024K)]
  0x000001ad54ed8ce0 JavaThread "PatternSearchJob-worker-3"  daemon [_thread_blocked, id=7056, stack(0x000000140cf00000,0x000000140d000000) (1024K)]
  0x000001ad54ed5860 JavaThread "PatternSearchJob-worker-4"  daemon [_thread_blocked, id=988, stack(0x000000140d000000,0x000000140d100000) (1024K)]
  0x000001ad54ed6c10 JavaThread "PatternSearchJob-worker-5"  daemon [_thread_blocked, id=4836, stack(0x000000140d100000,0x000000140d200000) (1024K)]
  0x000001ad54ed7fc0 JavaThread "Timer-462"                         [_thread_blocked, id=22620, stack(0x000000140bf00000,0x000000140c000000) (1024K)]
  0x000001ad54ed9370 JavaThread "Timer-463"                         [_thread_blocked, id=18296, stack(0x000000140bc00000,0x000000140bd00000) (1024K)]
  0x000001ad54ed6580 JavaThread "Timer-464"                         [_thread_blocked, id=12888, stack(0x000000140d300000,0x000000140d400000) (1024K)]
  0x000001ad54ed5ef0 JavaThread "Worker-1245: Initialize workspace"        [_thread_blocked, id=12524, stack(0x0000001408a00000,0x0000001408b00000) (1024K)]
  0x000001ad54edc7f0 JavaThread "Worker-1247: Check JDK Index"        [_thread_blocked, id=14480, stack(0x000000140c600000,0x000000140c700000) (1024K)]
  0x000001ad54edce80 JavaThread "Timer-465"                         [_thread_blocked, id=19552, stack(0x000000140d600000,0x000000140d700000) (1024K)]
  0x000001ad54ed9a00 JavaThread "Timer-466"                         [_thread_blocked, id=19056, stack(0x000000140d700000,0x000000140d800000) (1024K)]
  0x000001ad54ee0990 JavaThread "Timer-467"                         [_thread_blocked, id=10376, stack(0x000000140d800000,0x000000140d900000) (1024K)]
  0x000001ad54ede8c0 JavaThread "Timer-468"                         [_thread_blocked, id=23188, stack(0x000000140d900000,0x000000140da00000) (1024K)]
  0x000001ad54edfc70 JavaThread "Timer-469"                         [_thread_blocked, id=1336, stack(0x000000140db00000,0x000000140dc00000) (1024K)]
  0x000001ad54edef50 JavaThread "Timer-470"                         [_thread_blocked, id=22672, stack(0x000000140cc00000,0x000000140cd00000) (1024K)]
  0x000001ad54ee0300 JavaThread "Timer-471"                         [_thread_blocked, id=18540, stack(0x000000140da00000,0x000000140db00000) (1024K)]
  0x000001ad54edd510 JavaThread "Timer-472"                         [_thread_blocked, id=22700, stack(0x000000140dc00000,0x000000140dd00000) (1024K)]
  0x000001ad54edadb0 JavaThread "Worker-1310: Initialize workspace"        [_thread_blocked, id=11308, stack(0x000000140d400000,0x000000140d500000) (1024K)]
  0x000001ad54ee1020 JavaThread "Worker-1311: Check JDK Index"        [_thread_blocked, id=7580, stack(0x000000140d500000,0x000000140d600000) (1024K)]
  0x000001ad54edf5e0 JavaThread "Timer-473"                         [_thread_blocked, id=20212, stack(0x000000140de00000,0x000000140df00000) (1024K)]
  0x000001ad54ede230 JavaThread "Timer-474"                         [_thread_blocked, id=15868, stack(0x000000140df00000,0x000000140e000000) (1024K)]
  0x000001ad54ee3780 JavaThread "Timer-475"                         [_thread_blocked, id=16752, stack(0x000000140e000000,0x000000140e100000) (1024K)]
  0x000001ad54ee3e10 JavaThread "Timer-476"                         [_thread_blocked, id=9452, stack(0x000000140e100000,0x000000140e200000) (1024K)]
  0x000001ad54ee30f0 JavaThread "Timer-477"                         [_thread_blocked, id=20108, stack(0x000000140e300000,0x000000140e400000) (1024K)]
  0x000001ad54ee44a0 JavaThread "Timer-478"                         [_thread_blocked, id=21464, stack(0x000000140e200000,0x000000140e300000) (1024K)]
  0x000001ad54ee4b30 JavaThread "Timer-479"                         [_thread_blocked, id=18728, stack(0x000000140e400000,0x000000140e500000) (1024K)]
  0x000001ad54ee16b0 JavaThread "Timer-480"                         [_thread_blocked, id=8640, stack(0x000000140e500000,0x000000140e600000) (1024K)]
  0x000001ad54eddba0 JavaThread "Worker-1372: Initialize workspace"        [_thread_blocked, id=3656, stack(0x000000140a700000,0x000000140a800000) (1024K)]
  0x000001ad54ee1d40 JavaThread "Worker-1374: Check JDK Index"        [_thread_blocked, id=7184, stack(0x000000140b900000,0x000000140ba00000) (1024K)]
  0x000001ad54ee2a60 JavaThread "Connection worker"                 [_thread_blocked, id=20516, stack(0x000000140ea00000,0x000000140eb00000) (1024K)]
  0x000001ad54ee9360 JavaThread "pool-128-thread-1"                 [_thread_blocked, id=11532, stack(0x000000140ef00000,0x000000140f000000) (1024K)]
  0x000001ad54ee5ee0 JavaThread "Connection worker"                 [_thread_blocked, id=3632, stack(0x000000140f000000,0x000000140f100000) (1024K)]
  0x000001ad54ee7fb0 JavaThread "pool-131-thread-1"                 [_thread_blocked, id=6072, stack(0x000000140f700000,0x000000140f800000) (1024K)]
  0x000001ad54ef23c0 JavaThread "Worker-1412: Initialize Workspace"        [_thread_blocked, id=14524, stack(0x0000001410000000,0x0000001410100000) (1024K)]
  0x000001ad54ef02f0 JavaThread "ProjectImportProgressReporter" daemon [_thread_blocked, id=23260, stack(0x0000001410b00000,0x0000001410c00000) (1024K)]
  0x000001ad54a90330 JavaThread "Exec process"                      [_thread_in_native, id=19436, stack(0x0000001410f00000,0x0000001411000000) (1024K)]
  0x000001ad511b5770 JavaThread "Exec process Thread 2"             [_thread_blocked, id=22200, stack(0x0000001411600000,0x0000001411700000) (1024K)]
  0x000001ad5e8c17b0 JavaThread "Timer-481"                         [_thread_blocked, id=9872, stack(0x0000001410a00000,0x0000001410b00000) (1024K)]
  0x000001ad5e8bf050 JavaThread "Exec process"                      [_thread_in_native, id=22728, stack(0x0000001411500000,0x0000001411600000) (1024K)]
  0x000001ad5e8c1120 JavaThread "Exec process Thread 2"             [_thread_blocked, id=22324, stack(0x0000001411900000,0x0000001411a00000) (1024K)]
  0x000001ad5e8c2b60 JavaThread "Connection worker"                 [_thread_blocked, id=21420, stack(0x000000140e700000,0x000000140e800000) (1024K)]
  0x000001ad5e8c6670 JavaThread "Timer-482"                         [_thread_blocked, id=11360, stack(0x0000001410500000,0x0000001410600000) (1024K)]
  0x000001ad5e8c6d00 JavaThread "Connection worker"                 [_thread_blocked, id=7368, stack(0x0000001411200000,0x0000001411300000) (1024K)]
  0x000001ad5e8c31f0 JavaThread "Connection worker"                 [_thread_blocked, id=2720, stack(0x000000140f100000,0x000000140f200000) (1024K)]
  0x000001ad5e8be9c0 JavaThread "Connection worker"                 [_thread_blocked, id=14672, stack(0x000000140ed00000,0x000000140ee00000) (1024K)]
  0x000001ad5e8be330 JavaThread "Connection worker"                 [_thread_blocked, id=18268, stack(0x000000140cd00000,0x000000140ce00000) (1024K)]
  0x000001ad5e8c24d0 JavaThread "Connection worker"                 [_thread_blocked, id=12960, stack(0x000000140e800000,0x000000140e900000) (1024K)]
  0x000001ad5e8c3880 JavaThread "Connection worker"                 [_thread_blocked, id=9476, stack(0x000000140ee00000,0x000000140ef00000) (1024K)]
  0x000001ad5e8c7390 JavaThread "Timer-483"                         [_thread_blocked, id=10272, stack(0x000000140e900000,0x000000140ea00000) (1024K)]
  0x000001ad5e8c3f10 JavaThread "Timer-484"                         [_thread_blocked, id=13036, stack(0x000000140ec00000,0x000000140ed00000) (1024K)]
  0x000001ad5e8c52c0 JavaThread "Timer-485"                         [_thread_blocked, id=22172, stack(0x000000140f400000,0x000000140f500000) (1024K)]
  0x000001ad5e8c80b0 JavaThread "Connection worker"                 [_thread_blocked, id=21264, stack(0x000000140f300000,0x000000140f400000) (1024K)]
  0x000001ad5e8c7a20 JavaThread "pool-139-thread-1"                 [_thread_blocked, id=16764, stack(0x000000140f600000,0x000000140f700000) (1024K)]
  0x000001ad5e8c4c30 JavaThread "Exec process"                      [_thread_in_native, id=2776, stack(0x000000140f800000,0x000000140f900000) (1024K)]
  0x000001ad5e8c8dd0 JavaThread "Exec process Thread 2"             [_thread_blocked, id=11712, stack(0x000000140fb00000,0x000000140fc00000) (1024K)]
  0x000001ad5e8cb530 JavaThread "Worker-1431: Java indexing... "        [_thread_blocked, id=21312, stack(0x0000001410100000,0x0000001410200000) (1024K)]
  0x000001ad5e8cbbc0 JavaThread "PatternSearchJob-worker-6"  daemon [_thread_blocked, id=17660, stack(0x000000140a000000,0x000000140a100000) (1024K)]
  0x000001ad5e8c8740 JavaThread "Worker-1435: Java indexing... "        [_thread_blocked, id=7264, stack(0x000000140f200000,0x000000140f300000) (1024K)]
  0x000001ad5e8cc250 JavaThread "PatternSearchJob-worker-7"  daemon [_thread_blocked, id=5876, stack(0x000000140fc00000,0x000000140fd00000) (1024K)]
  0x000001ad5e8ca180 JavaThread "Exec process"                      [_thread_in_native, id=18276, stack(0x000000140a600000,0x000000140a700000) (1024K)]
  0x000001ad5e8cc8e0 JavaThread "Exec process Thread 2"             [_thread_blocked, id=13080, stack(0x000000140fe00000,0x000000140ff00000) (1024K)]
  0x000001ad5e8cd600 JavaThread "Exec process"                      [_thread_in_native, id=16296, stack(0x0000001410200000,0x0000001410300000) (1024K)]
  0x000001ad5e8ce320 JavaThread "Exec process Thread 2"             [_thread_blocked, id=19396, stack(0x0000001410700000,0x0000001410800000) (1024K)]
  0x000001ad5e8cf6d0 JavaThread "Exec process"                      [_thread_in_native, id=16544, stack(0x0000001410800000,0x0000001410900000) (1024K)]
  0x000001ad5e8d03f0 JavaThread "Exec process Thread 2"             [_thread_blocked, id=8636, stack(0x0000001410e00000,0x0000001410f00000) (1024K)]
  0x000001ad5e8c5fe0 JavaThread "Exec process"                      [_thread_blocked, id=22404, stack(0x000000140e600000,0x000000140e700000) (1024K)]
  0x000001ad5e8c0400 JavaThread "Exec process Thread 2"             [_thread_blocked, id=3156, stack(0x000000140d200000,0x000000140d300000) (1024K)]
  0x000001ad5e8bfd70 JavaThread "Exec process"                      [_thread_in_native, id=16504, stack(0x000000140c300000,0x000000140c400000) (1024K)]
  0x000001ad5e8c45a0 JavaThread "Exec process"                      [_thread_in_native, id=12920, stack(0x000000140eb00000,0x000000140ec00000) (1024K)]
  0x000001ad5e8c9af0 JavaThread "Exec process Thread 2"             [_thread_blocked, id=20420, stack(0x000000140fd00000,0x000000140fe00000) (1024K)]
  0x000001ad5e8caea0 JavaThread "Exec process Thread 2"             [_thread_blocked, id=11908, stack(0x0000001410300000,0x0000001410400000) (1024K)]
  0x000001ad5ce5b0c0 JavaThread "C2 CompilerThread1"         daemon [_thread_blocked, id=19688, stack(0x0000001403a00000,0x0000001403b00000) (1024K)]
Total: 664

Other Threads:
  0x000001ad6ff4fc00 VMThread "VM Thread"                           [id=22640, stack(0x0000001465c00000,0x0000001465d00000) (1024K)]
  0x000001ad7783ca00 WatcherThread "VM Periodic Task Thread"        [id=4808, stack(0x0000001465b00000,0x0000001465c00000) (1024K)]
  0x000001ad6fece570 WorkerThread "GC Thread#0"                     [id=21896, stack(0x0000001465a00000,0x0000001465b00000) (1024K)]
  0x000001ad7e135790 WorkerThread "GC Thread#1"                     [id=11492, stack(0x0000001466700000,0x0000001466800000) (1024K)]
  0x000001ad7e0a5ab0 WorkerThread "GC Thread#2"                     [id=23388, stack(0x0000001466800000,0x0000001466900000) (1024K)]
  0x000001ad7e0a5e60 WorkerThread "GC Thread#3"                     [id=1932, stack(0x0000001466900000,0x0000001466a00000) (1024K)]
  0x000001ad7e0a6210 WorkerThread "GC Thread#4"                     [id=16124, stack(0x0000001466a00000,0x0000001466b00000) (1024K)]
  0x000001ad7e0aa5d0 WorkerThread "GC Thread#5"                     [id=15340, stack(0x0000001466b00000,0x0000001466c00000) (1024K)]
  0x000001ad7e0aa980 WorkerThread "GC Thread#6"                     [id=2456, stack(0x0000001466c00000,0x0000001466d00000) (1024K)]
  0x000001ad7e780110 WorkerThread "GC Thread#7"                     [id=19428, stack(0x0000001466e00000,0x0000001466f00000) (1024K)]
  0x000001ad7e5acf10 WorkerThread "GC Thread#8"                     [id=11552, stack(0x0000001467200000,0x0000001467300000) (1024K)]
  0x000001ad7eb000f0 WorkerThread "GC Thread#9"                     [id=9640, stack(0x0000001467300000,0x0000001467400000) (1024K)]
Total: 12

Threads with active compile tasks:
C2 CompilerThread0  727266 19888       4       org.eclipse.jdt.internal.core.nd.java.model.BinaryModuleFactory::createDescriptor (138 bytes)
C2 CompilerThread1  727267 19887       4       org.eclipse.jdt.internal.core.ModularClassFile::getJarBinaryModuleInfo (156 bytes)
Total: 2

VM state: at safepoint (normal execution)

VM Mutex/Monitor currently owned by a thread:  ([mutex/lock_event])
[0x00007ffd6ec3f5b0] Threads_lock - owner thread: 0x000001ad6ff4fc00
[0x00007ffd6ec3f6b0] Heap_lock - owner thread: 0x000001ad5479fa80

Heap address: 0x0000000080000000, size: 2048 MB, Compressed Oops mode: 32-bit

CDS archive(s) mapped at: [0x000001ad0f000000-0x000001ad0fba0000-0x000001ad0fba0000), size 12189696, SharedBaseAddress: 0x000001ad0f000000, ArchiveRelocationMode: 1.
Compressed class space mapped at: 0x000001ad10000000-0x000001ad50000000, reserved size: 1073741824
Narrow klass base: 0x000001ad0f000000, Narrow klass shift: 0, Narrow klass range: 0x100000000

GC Precious Log:
 CardTable entry size: 512
 CPUs: 12 total, 12 available
 Memory: 7514M
 Large Page Support: Disabled
 NUMA Support: Disabled
 Compressed Oops: Enabled (32-bit)
 Alignments: Space 512K, Generation 512K, Heap 2M
 Heap Min Capacity: 100M
 Heap Initial Capacity: 100M
 Heap Max Capacity: 2G
 Pre-touch: Disabled
 Parallel Workers: 10

Heap:
 PSYoungGen      total 22016K, used 21993K [0x00000000d5580000, 0x00000000d7000000, 0x0000000100000000)
  eden space 20992K, 100% used [0x00000000d5580000,0x00000000d6a00000,0x00000000d6a00000)
  from space 1024K, 97% used [0x00000000d6e80000,0x00000000d6f7a560,0x00000000d6f80000)
  to   space 512K, 96% used [0x00000000d6f80000,0x00000000d6ffc010,0x00000000d7000000)
 ParOldGen       total 370688K, used 370397K [0x0000000080000000, 0x0000000096a00000, 0x00000000d5580000)
  object space 370688K, 99% used [0x0000000080000000,0x00000000969b7468,0x0000000096a00000)
 Metaspace       used 77938K, committed 79808K, reserved 1179648K
  class space    used 9194K, committed 10048K, reserved 1048576K

Card table byte_map: [0x000001ad6f870000,0x000001ad6fc80000] _byte_map_base: 0x000001ad6f470000

Marking Bits: (ParMarkBitMap*) 0x00007ffd6ec444a0
 Begin Bits: [0x000001ad73360000, 0x000001ad75360000)
 End Bits:   [0x000001ad75360000, 0x000001ad77360000)

Polling page: 0x000001ad6df90000

Metaspace:

Usage:
  Non-class:     67.13 MB used.
      Class:      8.98 MB used.
       Both:     76.11 MB used.

Virtual space:
  Non-class space:      128.00 MB reserved,      68.12 MB ( 53%) committed,  2 nodes.
      Class space:        1.00 GB reserved,       9.81 MB ( <1%) committed,  1 nodes.
             Both:        1.12 GB reserved,      77.94 MB (  7%) committed. 

Chunk freelists:
   Non-Class:  11.37 MB
       Class:  6.03 MB
        Both:  17.40 MB

MaxMetaspaceSize: unlimited
CompressedClassSpaceSize: 1.00 GB
Initial GC threshold: 21.00 MB
Current GC threshold: 129.94 MB
CDS: on
 - commit_granule_bytes: 65536.
 - commit_granule_words: 8192.
 - virtual_space_node_default_size: 8388608.
 - enlarge_chunks_in_place: 1.
 - use_allocation_guard: 0.


Internal statistics:

num_allocs_failed_limit: 9.
num_arena_births: 1786.
num_arena_deaths: 34.
num_vsnodes_births: 3.
num_vsnodes_deaths: 0.
num_space_committed: 1247.
num_space_uncommitted: 0.
num_chunks_returned_to_freelist: 51.
num_chunks_taken_from_freelist: 5620.
num_chunk_merges: 13.
num_chunk_splits: 3396.
num_chunks_enlarged: 1890.
num_inconsistent_stats: 0.

CodeHeap 'non-profiled nmethods': size=120000Kb used=13949Kb max_used=15003Kb free=106050Kb
 bounds [0x000001ad07ad0000, 0x000001ad089b0000, 0x000001ad0f000000]
CodeHeap 'profiled nmethods': size=120000Kb used=19285Kb max_used=27726Kb free=100714Kb
 bounds [0x000001ad00000000, 0x000001ad01b20000, 0x000001ad07530000]
CodeHeap 'non-nmethods': size=5760Kb used=1425Kb max_used=1495Kb free=4334Kb
 bounds [0x000001ad07530000, 0x000001ad077a0000, 0x000001ad07ad0000]
CodeCache: size=245760Kb, used=34659Kb, max_used=44224Kb, free=211098Kb
 total_blobs=10720, nmethods=9983, adapters=642, full_count=0
Compilation: enabled, stopped_count=0, restarted_count=0

Compilation events (20 events):
Event: 724.271 Thread 0x000001ad78d1ebb0 19883       3       java.lang.StringUTF16::putCharsSB (44 bytes)
Event: 724.272 Thread 0x000001ad78d1ebb0 nmethod 19883 0x000001ad000dae90 code [0x000001ad000db080, 0x000001ad000db5c8]
Event: 724.274 Thread 0x000001ad78d1ebb0 19884       3       java.lang.String::encodeUTF8_UTF16 (372 bytes)
Event: 724.280 Thread 0x000001ad78d1ebb0 nmethod 19884 0x000001ad010ea610 code [0x000001ad010ea860, 0x000001ad010eb3d0]
Event: 724.699 Thread 0x000001ad6ff63890 19885       4       org.eclipse.jdt.internal.core.JarPackageFragment::computeNonJavaResources (474 bytes)
Event: 724.711 Thread 0x000001ad78d1ebb0 19889   !   3       org.eclipse.jdt.internal.core.JavaProjectElementInfo::newNameLookup (405 bytes)
Event: 724.714 Thread 0x000001ad78d1ebb0 nmethod 19889 0x000001ad00979c90 code [0x000001ad0097a080, 0x000001ad0097c0d8]
Event: 724.940 Thread 0x000001ad6ff63890 nmethod 19885 0x000001ad0822cf90 code [0x000001ad0822d3e0, 0x000001ad0822f948]
Event: 724.941 Thread 0x000001ad6ff63890 19886   !   4       org.eclipse.jdt.internal.core.ModularClassFile::getBinaryModuleInfo (69 bytes)
Event: 725.104 Thread 0x000001ad78d1ebb0 19891   !   2       org.eclipse.jdt.internal.core.PackageFragmentRoot::getHandleMemento (219 bytes)
Event: 725.107 Thread 0x000001ad78d1ebb0 nmethod 19891 0x000001ad0083bc10 code [0x000001ad0083bf80, 0x000001ad0083c9b0]
Event: 725.192 Thread 0x000001ad78d1ebb0 19892       3       org.eclipse.jdt.internal.core.JavaProject::createElementInfo (8 bytes)
Event: 725.192 Thread 0x000001ad78d1ebb0 nmethod 19892 0x000001ad002a0b10 code [0x000001ad002a0ce0, 0x000001ad002a0ff0]
Event: 725.192 Thread 0x000001ad78d1ebb0 19893       3       org.eclipse.jdt.internal.core.JavaProjectElementInfo::<init> (10 bytes)
Event: 725.192 Thread 0x000001ad78d1ebb0 nmethod 19893 0x000001ad00541f10 code [0x000001ad005420c0, 0x000001ad00542328]
Event: 726.590 Thread 0x000001ad6ff63890 nmethod 19886 0x000001ad0898e910 code [0x000001ad0898fae0, 0x000001ad0899b438]
Event: 726.592 Thread 0x000001ad6ff63890 19894       4       java.util.regex.Pattern$CharPropertyGreedy::match (160 bytes)
Event: 726.592 Thread 0x000001ad5ce5b0c0 19887       4       org.eclipse.jdt.internal.core.ModularClassFile::getJarBinaryModuleInfo (156 bytes)
Event: 726.611 Thread 0x000001ad6ff63890 nmethod 19894 0x000001ad0814fb90 code [0x000001ad0814fda0, 0x000001ad081507a0]
Event: 726.611 Thread 0x000001ad6ff63890 19888       4       org.eclipse.jdt.internal.core.nd.java.model.BinaryModuleFactory::createDescriptor (138 bytes)

GC Heap History (20 events):
Event: 726.706 GC heap after
{Heap after GC invocations=16893 (full 10):
 PSYoungGen      total 23040K, used 496K [0x00000000d5580000, 0x00000000d7180000, 0x0000000100000000)
  eden space 22528K, 0% used [0x00000000d5580000,0x00000000d5580000,0x00000000d6b80000)
  from space 512K, 97% used [0x00000000d7100000,0x00000000d717c360,0x00000000d7180000)
  to   space 1536K, 0% used [0x00000000d6e80000,0x00000000d6e80000,0x00000000d7000000)
 ParOldGen       total 364544K, used 364400K [0x0000000080000000, 0x0000000096400000, 0x00000000d5580000)
  object space 364544K, 99% used [0x0000000080000000,0x00000000963dc0a8,0x0000000096400000)
 Metaspace       used 77938K, committed 79808K, reserved 1179648K
  class space    used 9194K, committed 10048K, reserved 1048576K
}
Event: 726.729 GC heap before
{Heap before GC invocations=16894 (full 10):
 PSYoungGen      total 23040K, used 23024K [0x00000000d5580000, 0x00000000d7180000, 0x0000000100000000)
  eden space 22528K, 100% used [0x00000000d5580000,0x00000000d6b80000,0x00000000d6b80000)
  from space 512K, 97% used [0x00000000d7100000,0x00000000d717c360,0x00000000d7180000)
  to   space 1536K, 0% used [0x00000000d6e80000,0x00000000d6e80000,0x00000000d7000000)
 ParOldGen       total 364544K, used 364400K [0x0000000080000000, 0x0000000096400000, 0x00000000d5580000)
  object space 364544K, 99% used [0x0000000080000000,0x00000000963dc0a8,0x0000000096400000)
 Metaspace       used 77938K, committed 79808K, reserved 1179648K
  class space    used 9194K, committed 10048K, reserved 1048576K
}
Event: 726.732 GC heap after
{Heap after GC invocations=16894 (full 10):
 PSYoungGen      total 23552K, used 577K [0x00000000d5580000, 0x00000000d7180000, 0x0000000100000000)
  eden space 22016K, 0% used [0x00000000d5580000,0x00000000d5580000,0x00000000d6b00000)
  from space 1536K, 37% used [0x00000000d6e80000,0x00000000d6f105b8,0x00000000d7000000)
  to   space 1024K, 0% used [0x00000000d7080000,0x00000000d7080000,0x00000000d7180000)
 ParOldGen       total 365056K, used 364712K [0x0000000080000000, 0x0000000096480000, 0x00000000d5580000)
  object space 365056K, 99% used [0x0000000080000000,0x000000009642a0a8,0x0000000096480000)
 Metaspace       used 77938K, committed 79808K, reserved 1179648K
  class space    used 9194K, committed 10048K, reserved 1048576K
}
Event: 726.812 GC heap before
{Heap before GC invocations=16895 (full 10):
 PSYoungGen      total 23552K, used 22593K [0x00000000d5580000, 0x00000000d7180000, 0x0000000100000000)
  eden space 22016K, 100% used [0x00000000d5580000,0x00000000d6b00000,0x00000000d6b00000)
  from space 1536K, 37% used [0x00000000d6e80000,0x00000000d6f105b8,0x00000000d7000000)
  to   space 1024K, 0% used [0x00000000d7080000,0x00000000d7080000,0x00000000d7180000)
 ParOldGen       total 365056K, used 364712K [0x0000000080000000, 0x0000000096480000, 0x00000000d5580000)
  object space 365056K, 99% used [0x0000000080000000,0x000000009642a0a8,0x0000000096480000)
 Metaspace       used 77938K, committed 79808K, reserved 1179648K
  class space    used 9194K, committed 10048K, reserved 1048576K
}
Event: 726.817 GC heap after
{Heap after GC invocations=16895 (full 10):
 PSYoungGen      total 22528K, used 672K [0x00000000d5580000, 0x00000000d7180000, 0x0000000100000000)
  eden space 21504K, 0% used [0x00000000d5580000,0x00000000d5580000,0x00000000d6a80000)
  from space 1024K, 65% used [0x00000000d7080000,0x00000000d7128000,0x00000000d7180000)
  to   space 1024K, 0% used [0x00000000d6f80000,0x00000000d6f80000,0x00000000d7080000)
 ParOldGen       total 365568K, used 365137K [0x0000000080000000, 0x0000000096500000, 0x00000000d5580000)
  object space 365568K, 99% used [0x0000000080000000,0x0000000096494670,0x0000000096500000)
 Metaspace       used 77938K, committed 79808K, reserved 1179648K
  class space    used 9194K, committed 10048K, reserved 1048576K
}
Event: 726.906 GC heap before
{Heap before GC invocations=16896 (full 10):
 PSYoungGen      total 22528K, used 22176K [0x00000000d5580000, 0x00000000d7180000, 0x0000000100000000)
  eden space 21504K, 100% used [0x00000000d5580000,0x00000000d6a80000,0x00000000d6a80000)
  from space 1024K, 65% used [0x00000000d7080000,0x00000000d7128000,0x00000000d7180000)
  to   space 1024K, 0% used [0x00000000d6f80000,0x00000000d6f80000,0x00000000d7080000)
 ParOldGen       total 365568K, used 365137K [0x0000000080000000, 0x0000000096500000, 0x00000000d5580000)
  object space 365568K, 99% used [0x0000000080000000,0x0000000096494670,0x0000000096500000)
 Metaspace       used 77938K, committed 79808K, reserved 1179648K
  class space    used 9194K, committed 10048K, reserved 1048576K
}
Event: 726.910 GC heap after
{Heap after GC invocations=16896 (full 10):
 PSYoungGen      total 22016K, used 560K [0x00000000d5580000, 0x00000000d7100000, 0x0000000100000000)
  eden space 20992K, 0% used [0x00000000d5580000,0x00000000d5580000,0x00000000d6a00000)
  from space 1024K, 54% used [0x00000000d6f80000,0x00000000d700c010,0x00000000d7080000)
  to   space 512K, 0% used [0x00000000d7080000,0x00000000d7080000,0x00000000d7100000)
 ParOldGen       total 366080K, used 365689K [0x0000000080000000, 0x0000000096580000, 0x00000000d5580000)
  object space 366080K, 99% used [0x0000000080000000,0x000000009651e670,0x0000000096580000)
 Metaspace       used 77938K, committed 79808K, reserved 1179648K
  class space    used 9194K, committed 10048K, reserved 1048576K
}
Event: 726.928 GC heap before
{Heap before GC invocations=16897 (full 10):
 PSYoungGen      total 22016K, used 21552K [0x00000000d5580000, 0x00000000d7100000, 0x0000000100000000)
  eden space 20992K, 100% used [0x00000000d5580000,0x00000000d6a00000,0x00000000d6a00000)
  from space 1024K, 54% used [0x00000000d6f80000,0x00000000d700c010,0x00000000d7080000)
  to   space 512K, 0% used [0x00000000d7080000,0x00000000d7080000,0x00000000d7100000)
 ParOldGen       total 366080K, used 365689K [0x0000000080000000, 0x0000000096580000, 0x00000000d5580000)
  object space 366080K, 99% used [0x0000000080000000,0x000000009651e670,0x0000000096580000)
 Metaspace       used 77938K, committed 79808K, reserved 1179648K
  class space    used 9194K, committed 10048K, reserved 1048576K
}
Event: 726.932 GC heap after
{Heap after GC invocations=16897 (full 10):
 PSYoungGen      total 21504K, used 505K [0x00000000d5580000, 0x00000000d7100000, 0x0000000100000000)
  eden space 20992K, 0% used [0x00000000d5580000,0x00000000d5580000,0x00000000d6a00000)
  from space 512K, 98% used [0x00000000d7080000,0x00000000d70fe648,0x00000000d7100000)
  to   space 1536K, 0% used [0x00000000d6e00000,0x00000000d6e00000,0x00000000d6f80000)
 ParOldGen       total 366592K, used 366193K [0x0000000080000000, 0x0000000096600000, 0x00000000d5580000)
  object space 366592K, 99% used [0x0000000080000000,0x000000009659c680,0x0000000096600000)
 Metaspace       used 77938K, committed 79808K, reserved 1179648K
  class space    used 9194K, committed 10048K, reserved 1048576K
}
Event: 726.959 GC heap before
{Heap before GC invocations=16898 (full 10):
 PSYoungGen      total 21504K, used 21497K [0x00000000d5580000, 0x00000000d7100000, 0x0000000100000000)
  eden space 20992K, 100% used [0x00000000d5580000,0x00000000d6a00000,0x00000000d6a00000)
  from space 512K, 98% used [0x00000000d7080000,0x00000000d70fe648,0x00000000d7100000)
  to   space 1536K, 0% used [0x00000000d6e00000,0x00000000d6e00000,0x00000000d6f80000)
 ParOldGen       total 366592K, used 366193K [0x0000000080000000, 0x0000000096600000, 0x00000000d5580000)
  object space 366592K, 99% used [0x0000000080000000,0x000000009659c680,0x0000000096600000)
 Metaspace       used 77938K, committed 79808K, reserved 1179648K
  class space    used 9194K, committed 10048K, reserved 1048576K
}
Event: 726.962 GC heap after
{Heap after GC invocations=16898 (full 10):
 PSYoungGen      total 22528K, used 504K [0x00000000d5580000, 0x00000000d7100000, 0x0000000100000000)
  eden space 20992K, 0% used [0x00000000d5580000,0x00000000d5580000,0x00000000d6a00000)
  from space 1536K, 32% used [0x00000000d6e00000,0x00000000d6e7e290,0x00000000d6f80000)
  to   space 1024K, 0% used [0x00000000d7000000,0x00000000d7000000,0x00000000d7100000)
 ParOldGen       total 366592K, used 366513K [0x0000000080000000, 0x0000000096600000, 0x00000000d5580000)
  object space 366592K, 99% used [0x0000000080000000,0x00000000965ec680,0x0000000096600000)
 Metaspace       used 77938K, committed 79808K, reserved 1179648K
  class space    used 9194K, committed 10048K, reserved 1048576K
}
Event: 726.980 GC heap before
{Heap before GC invocations=16899 (full 10):
 PSYoungGen      total 22528K, used 21496K [0x00000000d5580000, 0x00000000d7100000, 0x0000000100000000)
  eden space 20992K, 100% used [0x00000000d5580000,0x00000000d6a00000,0x00000000d6a00000)
  from space 1536K, 32% used [0x00000000d6e00000,0x00000000d6e7e290,0x00000000d6f80000)
  to   space 1024K, 0% used [0x00000000d7000000,0x00000000d7000000,0x00000000d7100000)
 ParOldGen       total 366592K, used 366513K [0x0000000080000000, 0x0000000096600000, 0x00000000d5580000)
  object space 366592K, 99% used [0x0000000080000000,0x00000000965ec680,0x0000000096600000)
 Metaspace       used 77938K, committed 79808K, reserved 1179648K
  class space    used 9194K, committed 10048K, reserved 1048576K
}
Event: 726.983 GC heap after
{Heap after GC invocations=16899 (full 10):
 PSYoungGen      total 22016K, used 608K [0x00000000d5580000, 0x00000000d7100000, 0x0000000100000000)
  eden space 20992K, 0% used [0x00000000d5580000,0x00000000d5580000,0x00000000d6a00000)
  from space 1024K, 59% used [0x00000000d7000000,0x00000000d7098000,0x00000000d7100000)
  to   space 1024K, 0% used [0x00000000d6f00000,0x00000000d6f00000,0x00000000d7000000)
 ParOldGen       total 367104K, used 366844K [0x0000000080000000, 0x0000000096680000, 0x00000000d5580000)
  object space 367104K, 99% used [0x0000000080000000,0x000000009663f140,0x0000000096680000)
 Metaspace       used 77938K, committed 79808K, reserved 1179648K
  class space    used 9194K, committed 10048K, reserved 1048576K
}
Event: 726.993 GC heap before
{Heap before GC invocations=16900 (full 10):
 PSYoungGen      total 22016K, used 21600K [0x00000000d5580000, 0x00000000d7100000, 0x0000000100000000)
  eden space 20992K, 100% used [0x00000000d5580000,0x00000000d6a00000,0x00000000d6a00000)
  from space 1024K, 59% used [0x00000000d7000000,0x00000000d7098000,0x00000000d7100000)
  to   space 1024K, 0% used [0x00000000d6f00000,0x00000000d6f00000,0x00000000d7000000)
 ParOldGen       total 367104K, used 366844K [0x0000000080000000, 0x0000000096680000, 0x00000000d5580000)
  object space 367104K, 99% used [0x0000000080000000,0x000000009663f140,0x0000000096680000)
 Metaspace       used 77938K, committed 79808K, reserved 1179648K
  class space    used 9194K, committed 10048K, reserved 1048576K
}
Event: 726.997 GC heap after
{Heap after GC invocations=16900 (full 10):
 PSYoungGen      total 22016K, used 736K [0x00000000d5580000, 0x00000000d7080000, 0x0000000100000000)
  eden space 20992K, 0% used [0x00000000d5580000,0x00000000d5580000,0x00000000d6a00000)
  from space 1024K, 71% used [0x00000000d6f00000,0x00000000d6fb8000,0x00000000d7000000)
  to   space 512K, 0% used [0x00000000d7000000,0x00000000d7000000,0x00000000d7080000)
 ParOldGen       total 367616K, used 367283K [0x0000000080000000, 0x0000000096700000, 0x00000000d5580000)
  object space 367616K, 99% used [0x0000000080000000,0x00000000966ace40,0x0000000096700000)
 Metaspace       used 77938K, committed 79808K, reserved 1179648K
  class space    used 9194K, committed 10048K, reserved 1048576K
}
Event: 727.026 GC heap before
{Heap before GC invocations=16901 (full 10):
 PSYoungGen      total 22016K, used 21728K [0x00000000d5580000, 0x00000000d7080000, 0x0000000100000000)
  eden space 20992K, 100% used [0x00000000d5580000,0x00000000d6a00000,0x00000000d6a00000)
  from space 1024K, 71% used [0x00000000d6f00000,0x00000000d6fb8000,0x00000000d7000000)
  to   space 512K, 0% used [0x00000000d7000000,0x00000000d7000000,0x00000000d7080000)
 ParOldGen       total 367616K, used 367283K [0x0000000080000000, 0x0000000096700000, 0x00000000d5580000)
  object space 367616K, 99% used [0x0000000080000000,0x00000000966ace40,0x0000000096700000)
 Metaspace       used 77938K, committed 79808K, reserved 1179648K
  class space    used 9194K, committed 10048K, reserved 1048576K
}
Event: 727.030 GC heap after
{Heap after GC invocations=16901 (full 10):
 PSYoungGen      total 21504K, used 512K [0x00000000d5580000, 0x00000000d7080000, 0x0000000100000000)
  eden space 20992K, 0% used [0x00000000d5580000,0x00000000d5580000,0x00000000d6a00000)
  from space 512K, 100% used [0x00000000d7000000,0x00000000d7080000,0x00000000d7080000)
  to   space 1536K, 0% used [0x00000000d6d80000,0x00000000d6d80000,0x00000000d6f00000)
 ParOldGen       total 368128K, used 367995K [0x0000000080000000, 0x0000000096780000, 0x00000000d5580000)
  object space 368128K, 99% used [0x0000000080000000,0x000000009675ee40,0x0000000096780000)
 Metaspace       used 77938K, committed 79808K, reserved 1179648K
  class space    used 9194K, committed 10048K, reserved 1048576K
}
Event: 727.043 GC heap before
{Heap before GC invocations=16902 (full 10):
 PSYoungGen      total 21504K, used 21504K [0x00000000d5580000, 0x00000000d7080000, 0x0000000100000000)
  eden space 20992K, 100% used [0x00000000d5580000,0x00000000d6a00000,0x00000000d6a00000)
  from space 512K, 100% used [0x00000000d7000000,0x00000000d7080000,0x00000000d7080000)
  to   space 1536K, 0% used [0x00000000d6d80000,0x00000000d6d80000,0x00000000d6f00000)
 ParOldGen       total 368128K, used 367995K [0x0000000080000000, 0x0000000096780000, 0x00000000d5580000)
  object space 368128K, 99% used [0x0000000080000000,0x000000009675ee40,0x0000000096780000)
 Metaspace       used 77938K, committed 79808K, reserved 1179648K
  class space    used 9194K, committed 10048K, reserved 1048576K
}
Event: 727.047 GC heap after
{Heap after GC invocations=16902 (full 10):
 PSYoungGen      total 22528K, used 640K [0x00000000d5580000, 0x00000000d7080000, 0x0000000100000000)
  eden space 20992K, 0% used [0x00000000d5580000,0x00000000d5580000,0x00000000d6a00000)
  from space 1536K, 41% used [0x00000000d6d80000,0x00000000d6e20000,0x00000000d6f00000)
  to   space 1024K, 0% used [0x00000000d6f80000,0x00000000d6f80000,0x00000000d7080000)
 ParOldGen       total 368640K, used 368491K [0x0000000080000000, 0x0000000096800000, 0x00000000d5580000)
  object space 368640K, 99% used [0x0000000080000000,0x00000000967dae40,0x0000000096800000)
 Metaspace       used 77938K, committed 79808K, reserved 1179648K
  class space    used 9194K, committed 10048K, reserved 1048576K
}
Event: 727.096 GC heap before
{Heap before GC invocations=16903 (full 10):
 PSYoungGen      total 22528K, used 21632K [0x00000000d5580000, 0x00000000d7080000, 0x0000000100000000)
  eden space 20992K, 100% used [0x00000000d5580000,0x00000000d6a00000,0x00000000d6a00000)
  from space 1536K, 41% used [0x00000000d6d80000,0x00000000d6e20000,0x00000000d6f00000)
  to   space 1024K, 0% used [0x00000000d6f80000,0x00000000d6f80000,0x00000000d7080000)
 ParOldGen       total 368640K, used 368491K [0x0000000080000000, 0x0000000096800000, 0x00000000d5580000)
  object space 368640K, 99% used [0x0000000080000000,0x00000000967dae40,0x0000000096800000)
 Metaspace       used 77938K, committed 79808K, reserved 1179648K
  class space    used 9194K, committed 10048K, reserved 1048576K
}

Dll operation events (20 events):
Event: 0.402 Attempting to load shared library C:\Users\Aliya\.vscode\extensions\redhat.java-1.56.0-win32-x64\jre\21.0.12.1-win32-x86_64\bin\zip.dll
Event: 0.402 Loaded shared library C:\Users\Aliya\.vscode\extensions\redhat.java-1.56.0-win32-x64\jre\21.0.12.1-win32-x86_64\bin\zip.dll
Event: 0.427 Attempting to load shared library C:\Users\Aliya\.vscode\extensions\redhat.java-1.56.0-win32-x64\jre\21.0.12.1-win32-x86_64\bin\jimage.dll
Event: 0.427 Loaded shared library C:\Users\Aliya\.vscode\extensions\redhat.java-1.56.0-win32-x64\jre\21.0.12.1-win32-x86_64\bin\jimage.dll
Event: 0.548 Attempting to load shared library c:\Users\Aliya\.vscode\extensions\redhat.java-1.56.0-win32-x64\jre\21.0.12.1-win32-x86_64\bin\verify.dll
Event: 0.556 Loaded shared library c:\Users\Aliya\.vscode\extensions\redhat.java-1.56.0-win32-x64\jre\21.0.12.1-win32-x86_64\bin\verify.dll
Event: 2.896 Attempting to load shared library C:\Users\Aliya\AppData\Roaming\Code\User\globalStorage\redhat.java\1.56.0\config_win\org.eclipse.equinox.launcher\org.eclipse.equinox.launcher.win32.win32.x86_64_1.3.100.v20260804-1928\eclipse_11924.dll
Event: 2.899 Loaded shared library C:\Users\Aliya\AppData\Roaming\Code\User\globalStorage\redhat.java\1.56.0\config_win\org.eclipse.equinox.launcher\org.eclipse.equinox.launcher.win32.win32.x86_64_1.3.100.v20260804-1928\eclipse_11924.dll
Event: 6.562 Attempting to load shared library C:\Users\Aliya\.vscode\extensions\redhat.java-1.56.0-win32-x64\jre\21.0.12.1-win32-x86_64\bin\management.dll
Event: 6.564 Loaded shared library C:\Users\Aliya\.vscode\extensions\redhat.java-1.56.0-win32-x64\jre\21.0.12.1-win32-x86_64\bin\management.dll
Event: 6.569 Attempting to load shared library C:\Users\Aliya\.vscode\extensions\redhat.java-1.56.0-win32-x64\jre\21.0.12.1-win32-x86_64\bin\management_ext.dll
Event: 6.570 Loaded shared library C:\Users\Aliya\.vscode\extensions\redhat.java-1.56.0-win32-x64\jre\21.0.12.1-win32-x86_64\bin\management_ext.dll
Event: 9.560 Attempting to load shared library C:\Users\Aliya\AppData\Local\Temp\jna-63351046\jna2668651783938859482.dll
Event: 9.694 Loaded shared library C:\Users\Aliya\AppData\Local\Temp\jna-63351046\jna2668651783938859482.dll
Event: 13.675 Attempting to load shared library C:\Users\Aliya\.gradle\native\1def1411415f61bf3af743bc5b6707747c0891f09f0c88961ee8f79bc544acac\windows-amd64\native-platform.dll
Event: 13.677 Loaded shared library C:\Users\Aliya\.gradle\native\1def1411415f61bf3af743bc5b6707747c0891f09f0c88961ee8f79bc544acac\windows-amd64\native-platform.dll
Event: 21.043 Attempting to load shared library C:\Users\Aliya\.vscode\extensions\redhat.java-1.56.0-win32-x64\jre\21.0.12.1-win32-x86_64\bin\extnet.dll
Event: 21.045 Loaded shared library C:\Users\Aliya\.vscode\extensions\redhat.java-1.56.0-win32-x64\jre\21.0.12.1-win32-x86_64\bin\extnet.dll
Event: 25.841 Attempting to load shared library C:\Users\Aliya\.vscode\extensions\redhat.java-1.56.0-win32-x64\jre\21.0.12.1-win32-x86_64\bin\sunmscapi.dll
Event: 25.845 Loaded shared library C:\Users\Aliya\.vscode\extensions\redhat.java-1.56.0-win32-x64\jre\21.0.12.1-win32-x86_64\bin\sunmscapi.dll

Deoptimization events (20 events):
Event: 724.769 Thread 0x000001ad5cdaa300 Uncommon trap: trap_request=0xffffff66 fr.pc=0x000001ad0845b89c relative=0x0000000000002c3c
Event: 724.770 Thread 0x000001ad5cdaa300 Uncommon trap: reason=speculate_class_check action=maybe_recompile pc=0x000001ad0845b89c method=org.eclipse.jdt.internal.core.PackageFragmentRoot.getHandleMemento(Ljava/lang/StringBuilder;)V @ 54 c2
Event: 724.770 Thread 0x000001ad5cdaa300 DEOPT PACKING pc=0x000001ad0845b89c sp=0x0000001400ffe100
Event: 724.770 Thread 0x000001ad5cdaa300 DEOPT UNPACKING pc=0x000001ad07583aa2 sp=0x0000001400ffe0e8 mode 2
Event: 724.770 Thread 0x000001ad5cdaa300 Uncommon trap: trap_request=0xffffff66 fr.pc=0x000001ad0845b89c relative=0x0000000000002c3c
Event: 724.770 Thread 0x000001ad5cdaa300 Uncommon trap: reason=speculate_class_check action=maybe_recompile pc=0x000001ad0845b89c method=org.eclipse.jdt.internal.core.PackageFragmentRoot.getHandleMemento(Ljava/lang/StringBuilder;)V @ 54 c2
Event: 724.770 Thread 0x000001ad5cdaa300 DEOPT PACKING pc=0x000001ad0845b89c sp=0x0000001400ffe100
Event: 724.770 Thread 0x000001ad5cdaa300 DEOPT UNPACKING pc=0x000001ad07583aa2 sp=0x0000001400ffe0e8 mode 2
Event: 725.033 Thread 0x000001ad5cdaa300 Uncommon trap: trap_request=0xffffffde fr.pc=0x000001ad0801e12c relative=0x00000000000010ac
Event: 725.033 Thread 0x000001ad5cdaa300 Uncommon trap: reason=class_check action=maybe_recompile pc=0x000001ad0801e12c method=org.eclipse.jdt.internal.core.NameLookup.seekPackageFragments(Ljava/lang/String;ZLorg/eclipse/jdt/internal/core/IJavaElementRequestor;)V @ 405 c2
Event: 725.033 Thread 0x000001ad5cdaa300 DEOPT PACKING pc=0x000001ad0801e12c sp=0x0000001400ffe6f0
Event: 725.033 Thread 0x000001ad5cdaa300 DEOPT UNPACKING pc=0x000001ad07583aa2 sp=0x0000001400ffe658 mode 2
Event: 725.295 Thread 0x000001ad54eddba0 DEOPT PACKING pc=0x000001ad004f1a7d sp=0x000000140a7ff080
Event: 725.295 Thread 0x000001ad54eddba0 DEOPT UNPACKING pc=0x000001ad07584242 sp=0x000000140a7fe530 mode 0
Event: 725.592 Thread 0x000001ad7f670800 DEOPT PACKING pc=0x000001ad00092c32 sp=0x0000001470dff6b0
Event: 725.592 Thread 0x000001ad7f670800 DEOPT UNPACKING pc=0x000001ad07584242 sp=0x0000001470dfeb88 mode 0
Event: 725.659 Thread 0x000001ad54eddba0 DEOPT PACKING pc=0x000001ad004f1a7d sp=0x000000140a7ff080
Event: 725.659 Thread 0x000001ad54eddba0 DEOPT UNPACKING pc=0x000001ad07584242 sp=0x000000140a7fe530 mode 0
Event: 726.498 Thread 0x000001ad54eddba0 DEOPT PACKING pc=0x000001ad004f1a7d sp=0x000000140a7ff080
Event: 726.498 Thread 0x000001ad54eddba0 DEOPT UNPACKING pc=0x000001ad07584242 sp=0x000000140a7fe530 mode 0

Classes loaded (20 events):
Event: 151.514 Loading class java/nio/channels/Channels$ReadableByteChannelImpl
Event: 151.515 Loading class java/nio/channels/Channels$ReadableByteChannelImpl done
Event: 151.518 Loading class java/nio/channels/NonWritableChannelException
Event: 151.519 Loading class java/nio/channels/NonWritableChannelException done
Event: 153.421 Loading class java/util/stream/Nodes$ToArrayTask$OfRef
Event: 153.422 Loading class java/util/stream/Nodes$ToArrayTask
Event: 153.422 Loading class java/util/stream/Nodes$ToArrayTask done
Event: 153.422 Loading class java/util/stream/Nodes$ToArrayTask$OfRef done
Event: 154.314 Loading class java/lang/invoke/MethodHandleImpl$CountingWrapper$1
Event: 154.314 Loading class java/lang/invoke/MethodHandleImpl$CountingWrapper$1 done
Event: 169.571 Loading class sun/nio/fs/WindowsFileCopy
Event: 169.574 Loading class sun/nio/fs/WindowsFileCopy done
Event: 676.172 Loading class java/util/stream/DistinctOps
Event: 676.176 Loading class java/util/stream/DistinctOps done
Event: 676.176 Loading class java/util/stream/DistinctOps$1
Event: 676.178 Loading class java/util/stream/DistinctOps$1 done
Event: 676.183 Loading class java/util/stream/DistinctOps$1$2
Event: 676.184 Loading class java/util/stream/DistinctOps$1$2 done
Event: 716.479 Loading class java/util/LinkedList$LLSpliterator
Event: 716.481 Loading class java/util/LinkedList$LLSpliterator done

Classes unloaded (17 events):
Event: 8.000 Thread 0x000001ad6ff4fc00 Unloading class 0x000001ad101ac800 'java/lang/invoke/LambdaForm$MH+0x000001ad101ac800'
Event: 8.000 Thread 0x000001ad6ff4fc00 Unloading class 0x000001ad101ac400 'java/lang/invoke/LambdaForm$MH+0x000001ad101ac400'
Event: 8.000 Thread 0x000001ad6ff4fc00 Unloading class 0x000001ad101ac000 'java/lang/invoke/LambdaForm$MH+0x000001ad101ac000'
Event: 8.000 Thread 0x000001ad6ff4fc00 Unloading class 0x000001ad101abc00 'java/lang/invoke/LambdaForm$MH+0x000001ad101abc00'
Event: 8.000 Thread 0x000001ad6ff4fc00 Unloading class 0x000001ad101ab800 'java/lang/invoke/LambdaForm$BMH+0x000001ad101ab800'
Event: 8.000 Thread 0x000001ad6ff4fc00 Unloading class 0x000001ad101ab400 'java/lang/invoke/LambdaForm$DMH+0x000001ad101ab400'
Event: 8.000 Thread 0x000001ad6ff4fc00 Unloading class 0x000001ad101aa400 'java/lang/invoke/LambdaForm$DMH+0x000001ad101aa400'
Event: 9.975 Thread 0x000001ad6ff4fc00 Unloading class 0x000001ad102e9800 'java/lang/invoke/LambdaForm$DMH+0x000001ad102e9800'
Event: 9.975 Thread 0x000001ad6ff4fc00 Unloading class 0x000001ad102e4400 'java/lang/invoke/LambdaForm$MH+0x000001ad102e4400'
Event: 9.975 Thread 0x000001ad6ff4fc00 Unloading class 0x000001ad102e3800 'java/lang/invoke/LambdaForm$MH+0x000001ad102e3800'
Event: 9.975 Thread 0x000001ad6ff4fc00 Unloading class 0x000001ad102e3000 'java/lang/invoke/LambdaForm$MH+0x000001ad102e3000'
Event: 9.975 Thread 0x000001ad6ff4fc00 Unloading class 0x000001ad102e2c00 'java/lang/invoke/LambdaForm$MH+0x000001ad102e2c00'
Event: 9.975 Thread 0x000001ad6ff4fc00 Unloading class 0x000001ad102e2000 'java/lang/invoke/LambdaForm$MH+0x000001ad102e2000'
Event: 9.975 Thread 0x000001ad6ff4fc00 Unloading class 0x000001ad102e1800 'java/lang/invoke/LambdaForm$MH+0x000001ad102e1800'
Event: 9.975 Thread 0x000001ad6ff4fc00 Unloading class 0x000001ad102e1000 'java/lang/invoke/LambdaForm$MH+0x000001ad102e1000'
Event: 9.975 Thread 0x000001ad6ff4fc00 Unloading class 0x000001ad102e0c00 'java/lang/invoke/LambdaForm$MH+0x000001ad102e0c00'
Event: 9.975 Thread 0x000001ad6ff4fc00 Unloading class 0x000001ad102e0400 'java/lang/invoke/LambdaForm$DMH+0x000001ad102e0400'

Classes redefined (0 events):
No events

Internal exceptions (20 events):
Event: 715.515 Thread 0x000001ad54ef23c0 Exception <a 'sun/nio/fs/WindowsException'{0x00000000d64dc228}> (0x00000000d64dc228) 
thrown [s\src\hotspot\share\prims\jni.cpp, line 520]
Event: 715.515 Thread 0x000001ad54ef23c0 Exception <a 'sun/nio/fs/WindowsException'{0x00000000d6523540}> (0x00000000d6523540) 
thrown [s\src\hotspot\share\prims\jni.cpp, line 520]
Event: 716.970 Thread 0x000001ad5e8c0a90 Exception <a 'java/io/IOException'{0x00000000d567bcd0}: CreateProcess error=1455, Файл подкачки слишком мал для завершения операции> (0x00000000d567bcd0) 
thrown [s\src\hotspot\share\prims\jni.cpp, line 539]
Event: 717.073 Thread 0x000001ad5479e040 Exception <a 'sun/nio/fs/WindowsException'{0x00000000d63fb228}> (0x00000000d63fb228) 
thrown [s\src\hotspot\share\prims\jni.cpp, line 520]
Event: 717.159 Thread 0x000001ad53d13f90 Exception <a 'sun/nio/fs/WindowsException'{0x00000000d5592ac8}> (0x00000000d5592ac8) 
thrown [s\src\hotspot\share\prims\jni.cpp, line 520]
Event: 717.516 Thread 0x000001ad5290c660 Exception <a 'sun/nio/fs/WindowsException'{0x00000000d55a7638}> (0x00000000d55a7638) 
thrown [s\src\hotspot\share\prims\jni.cpp, line 520]
Event: 717.631 Thread 0x000001ad7f51dbe0 Exception <a 'sun/nio/fs/WindowsException'{0x00000000d5628f20}> (0x00000000d5628f20) 
thrown [s\src\hotspot\share\prims\jni.cpp, line 520]
Event: 717.644 Thread 0x000001ad5d454130 Exception <a 'sun/nio/fs/WindowsException'{0x00000000d5bd2098}> (0x00000000d5bd2098) 
thrown [s\src\hotspot\share\prims\jni.cpp, line 520]
Event: 717.730 Thread 0x000001ad547a9170 Exception <a 'sun/nio/fs/WindowsException'{0x00000000d6334038}> (0x00000000d6334038) 
thrown [s\src\hotspot\share\prims\jni.cpp, line 520]
Event: 717.856 Thread 0x000001ad5d452060 Exception <a 'sun/nio/fs/WindowsException'{0x00000000d68ae8c8}> (0x00000000d68ae8c8) 
thrown [s\src\hotspot\share\prims\jni.cpp, line 520]
Event: 717.941 Thread 0x000001ad54903ee0 Exception <a 'sun/nio/fs/WindowsException'{0x00000000d56cabb0}> (0x00000000d56cabb0) 
thrown [s\src\hotspot\share\prims\jni.cpp, line 520]
Event: 717.966 Thread 0x000001ad5380f3f0 Exception <a 'sun/nio/fs/WindowsException'{0x00000000d5ad7fd0}> (0x00000000d5ad7fd0) 
thrown [s\src\hotspot\share\prims\jni.cpp, line 520]
Event: 717.982 Thread 0x000001ad7f51ef90 Exception <a 'sun/nio/fs/WindowsException'{0x00000000d56157f8}> (0x00000000d56157f8) 
thrown [s\src\hotspot\share\prims\jni.cpp, line 520]
Event: 718.020 Thread 0x000001ad5d456890 Exception <a 'sun/nio/fs/WindowsException'{0x00000000d5598f20}> (0x00000000d5598f20) 
thrown [s\src\hotspot\share\prims\jni.cpp, line 520]
Event: 718.041 Thread 0x000001ad54904570 Exception <a 'sun/nio/fs/WindowsException'{0x00000000d56305a8}> (0x00000000d56305a8) 
thrown [s\src\hotspot\share\prims\jni.cpp, line 520]
Event: 718.081 Thread 0x000001ad5d00b130 Exception <a 'sun/nio/fs/WindowsException'{0x00000000d57ea200}> (0x00000000d57ea200) 
thrown [s\src\hotspot\share\prims\jni.cpp, line 520]
Event: 719.070 Thread 0x000001ad7eb73650 Exception <a 'sun/nio/fs/WindowsException'{0x00000000d55aa5e8}> (0x00000000d55aa5e8) 
thrown [s\src\hotspot\share\prims\jni.cpp, line 520]
Event: 719.245 Thread 0x000001ad7eb73650 Exception <a 'sun/nio/fs/WindowsException'{0x00000000d56c2178}> (0x00000000d56c2178) 
thrown [s\src\hotspot\share\prims\jni.cpp, line 520]
Event: 719.245 Thread 0x000001ad7eb73650 Exception <a 'sun/nio/fs/WindowsException'{0x00000000d56c26f8}> (0x00000000d56c26f8) 
thrown [s\src\hotspot\share\prims\jni.cpp, line 520]
Event: 719.660 Thread 0x000001ad7eb73650 Exception <a 'sun/nio/fs/WindowsException'{0x00000000d5bdfae0}> (0x00000000d5bdfae0) 
thrown [s\src\hotspot\share\prims\jni.cpp, line 520]

ZGC Phase Switch (0 events):
No events

VM Operations (20 events):
Event: 726.706 Executing safepoint VM operation: ParallelGCFailedAllocation (Allocation Failure) done
Event: 726.724 Executing safepoint VM operation: ParallelGCFailedAllocation (Allocation Failure)
Event: 726.733 Executing safepoint VM operation: ParallelGCFailedAllocation (Allocation Failure) done
Event: 726.776 Executing safepoint VM operation: ParallelGCFailedAllocation (Allocation Failure)
Event: 726.818 Executing safepoint VM operation: ParallelGCFailedAllocation (Allocation Failure) done
Event: 726.874 Executing safepoint VM operation: ParallelGCFailedAllocation (Allocation Failure)
Event: 726.910 Executing safepoint VM operation: ParallelGCFailedAllocation (Allocation Failure) done
Event: 726.927 Executing safepoint VM operation: ParallelGCFailedAllocation (Allocation Failure)
Event: 726.932 Executing safepoint VM operation: ParallelGCFailedAllocation (Allocation Failure) done
Event: 726.959 Executing safepoint VM operation: ParallelGCFailedAllocation (Allocation Failure)
Event: 726.962 Executing safepoint VM operation: ParallelGCFailedAllocation (Allocation Failure) done
Event: 726.979 Executing safepoint VM operation: ParallelGCFailedAllocation (Allocation Failure)
Event: 726.983 Executing safepoint VM operation: ParallelGCFailedAllocation (Allocation Failure) done
Event: 726.993 Executing safepoint VM operation: ParallelGCFailedAllocation (Allocation Failure)
Event: 726.997 Executing safepoint VM operation: ParallelGCFailedAllocation (Allocation Failure) done
Event: 727.011 Executing safepoint VM operation: ParallelGCFailedAllocation (Allocation Failure)
Event: 727.030 Executing safepoint VM operation: ParallelGCFailedAllocation (Allocation Failure) done
Event: 727.043 Executing safepoint VM operation: ParallelGCFailedAllocation (Allocation Failure)
Event: 727.047 Executing safepoint VM operation: ParallelGCFailedAllocation (Allocation Failure) done
Event: 727.069 Executing safepoint VM operation: ParallelGCFailedAllocation (Allocation Failure)

Memory protections (0 events):
No events

Nmethod flushes (20 events):
Event: 722.165 Thread 0x000001ad6ff4fc00 flushing  nmethod 0x000001ad016a6a90
Event: 722.165 Thread 0x000001ad6ff4fc00 flushing  nmethod 0x000001ad016a7f90
Event: 722.165 Thread 0x000001ad6ff4fc00 flushing  nmethod 0x000001ad0179ed90
Event: 722.165 Thread 0x000001ad6ff4fc00 flushing  nmethod 0x000001ad017a5310
Event: 722.165 Thread 0x000001ad6ff4fc00 flushing  nmethod 0x000001ad017a6290
Event: 722.165 Thread 0x000001ad6ff4fc00 flushing  nmethod 0x000001ad017a8510
Event: 722.165 Thread 0x000001ad6ff4fc00 flushing  nmethod 0x000001ad017ad310
Event: 722.165 Thread 0x000001ad6ff4fc00 flushing  nmethod 0x000001ad01886a10
Event: 722.165 Thread 0x000001ad6ff4fc00 flushing  nmethod 0x000001ad018e0890
Event: 722.165 Thread 0x000001ad6ff4fc00 flushing  nmethod 0x000001ad01963d90
Event: 722.165 Thread 0x000001ad6ff4fc00 flushing  nmethod 0x000001ad01967990
Event: 722.165 Thread 0x000001ad6ff4fc00 flushing  nmethod 0x000001ad01969a10
Event: 722.165 Thread 0x000001ad6ff4fc00 flushing  nmethod 0x000001ad01977890
Event: 722.165 Thread 0x000001ad6ff4fc00 flushing  nmethod 0x000001ad019e3f90
Event: 722.165 Thread 0x000001ad6ff4fc00 flushing  nmethod 0x000001ad01a4cc90
Event: 722.165 Thread 0x000001ad6ff4fc00 flushing  nmethod 0x000001ad01a51210
Event: 722.165 Thread 0x000001ad6ff4fc00 flushing  nmethod 0x000001ad01a5bb10
Event: 722.165 Thread 0x000001ad6ff4fc00 flushing  nmethod 0x000001ad01a98110
Event: 722.165 Thread 0x000001ad6ff4fc00 flushing  nmethod 0x000001ad01ac0310
Event: 722.165 Thread 0x000001ad6ff4fc00 flushing  nmethod 0x000001ad01af1090

Events (20 events):
Event: 723.034 Thread 0x000001ad5e8c1e40 Thread added: 0x000001ad5e8ccf70
Event: 723.040 Thread 0x000001ad5e8c9460 Thread exited: 0x000001ad5e8c9460
Event: 723.042 Thread 0x000001ad5e8c45a0 Thread added: 0x000001ad5e8c9460
Event: 723.043 Thread 0x000001ad5e8c45a0 Thread added: 0x000001ad5e8c9af0
Event: 723.050 Thread 0x000001ad5e8c5950 Thread added: 0x000001ad5e8ca810
Event: 723.050 Thread 0x000001ad5e8c5950 Thread added: 0x000001ad5e8cdc90
Event: 723.134 Thread 0x000001ad5e8ca810 Thread exited: 0x000001ad5e8ca810
Event: 723.137 Thread 0x000001ad5e8c9460 Thread exited: 0x000001ad5e8c9460
Event: 723.158 Thread 0x000001ad5e8bfd70 Thread added: 0x000001ad5e8c9460
Event: 723.158 Thread 0x000001ad5e8bfd70 Thread added: 0x000001ad5e8caea0
Event: 723.162 Thread 0x000001ad5e8c9460 Thread exited: 0x000001ad5e8c9460
Event: 724.251 Thread 0x000001ad5e8c1e40 Thread exited: 0x000001ad5e8c1e40
Event: 724.254 Thread 0x000001ad5e8ccf70 Thread exited: 0x000001ad5e8ccf70
Event: 724.267 Thread 0x000001ad5e8c0a90 Thread exited: 0x000001ad5e8c0a90
Event: 724.275 Thread 0x000001ad5d452060 Thread exited: 0x000001ad5d452060
Event: 724.501 Thread 0x000001ad5e8c5950 Thread exited: 0x000001ad5e8c5950
Event: 724.502 Thread 0x000001ad5e8cdc90 Thread exited: 0x000001ad5e8cdc90
Event: 724.503 Thread 0x000001ad5e8bf6e0 Thread exited: 0x000001ad5e8bf6e0
Event: 724.694 Thread 0x000001ad7f51dbe0 Thread exited: 0x000001ad7f51dbe0
Event: 726.591 Thread 0x000001ad6ff63890 Thread added: 0x000001ad5ce5b0c0


Dynamic libraries:
0x00007ff72dc80000 - 0x00007ff72dc8e000 	c:\Users\Aliya\.vscode\extensions\redhat.java-1.56.0-win32-x64\jre\21.0.12.1-win32-x86_64\bin\java.exe
0x00007ffdd0700000 - 0x00007ffdd0967000 	C:\WINDOWS\SYSTEM32\ntdll.dll
0x00007ffdcf400000 - 0x00007ffdcf4cb000 	C:\WINDOWS\System32\KERNEL32.DLL
0x00007ffdcda30000 - 0x00007ffdcde32000 	C:\WINDOWS\System32\KERNELBASE.dll
0x00007ffdcdef0000 - 0x00007ffdce03c000 	C:\WINDOWS\System32\ucrtbase.dll
0x00007ffd88130000 - 0x00007ffd88148000 	c:\Users\Aliya\.vscode\extensions\redhat.java-1.56.0-win32-x64\jre\21.0.12.1-win32-x86_64\bin\jli.dll
0x00007ffdcf190000 - 0x00007ffdcf35f000 	C:\WINDOWS\System32\USER32.dll
0x00007ffdce1a0000 - 0x00007ffdce1c7000 	C:\WINDOWS\System32\win32u.dll
0x00007ffdcecc0000 - 0x00007ffdceceb000 	C:\WINDOWS\System32\GDI32.dll
0x00007ffdcd900000 - 0x00007ffdcda29000 	C:\WINDOWS\System32\gdi32full.dll
0x00007ffdcde40000 - 0x00007ffdcdee3000 	C:\WINDOWS\System32\msvcp_win.dll
0x00007ffd887a0000 - 0x00007ffd887be000 	c:\Users\Aliya\.vscode\extensions\redhat.java-1.56.0-win32-x64\jre\21.0.12.1-win32-x86_64\bin\VCRUNTIME140.dll
0x00007ffdb4310000 - 0x00007ffdb45a0000 	C:\WINDOWS\WinSxS\amd64_microsoft.windows.common-controls_6595b64144ccf1df_6.0.26100.9278_none_3e0d1ba8e3303201\COMCTL32.dll
0x00007ffdd0510000 - 0x00007ffdd05b9000 	C:\WINDOWS\System32\msvcrt.dll
0x00007ffdd0480000 - 0x00007ffdd04b1000 	C:\WINDOWS\System32\IMM32.DLL
0x00007ffdc9b30000 - 0x00007ffdc9b3c000 	c:\Users\Aliya\.vscode\extensions\redhat.java-1.56.0-win32-x64\jre\21.0.12.1-win32-x86_64\bin\vcruntime140_1.dll
0x00007ffd85190000 - 0x00007ffd8521d000 	c:\Users\Aliya\.vscode\extensions\redhat.java-1.56.0-win32-x64\jre\21.0.12.1-win32-x86_64\bin\msvcp140.dll
0x00007ffd6df80000 - 0x00007ffd6ed22000 	c:\Users\Aliya\.vscode\extensions\redhat.java-1.56.0-win32-x64\jre\21.0.12.1-win32-x86_64\bin\server\jvm.dll
0x00007ffdcf4d0000 - 0x00007ffdcf58c000 	C:\WINDOWS\System32\ADVAPI32.dll
0x00007ffdcf5a0000 - 0x00007ffdcf649000 	C:\WINDOWS\System32\sechost.dll
0x00007ffdcfd20000 - 0x00007ffdcfe38000 	C:\WINDOWS\System32\RPCRT4.dll
0x00007ffdced60000 - 0x00007ffdcede0000 	C:\WINDOWS\System32\WS2_32.dll
0x00007ffdcd780000 - 0x00007ffdcd7de000 	C:\WINDOWS\SYSTEM32\POWRPROF.dll
0x00007ffdc6620000 - 0x00007ffdc6656000 	C:\WINDOWS\SYSTEM32\WINMM.dll
0x00007ffdc6660000 - 0x00007ffdc666b000 	C:\WINDOWS\SYSTEM32\VERSION.dll
0x00007ffdcd760000 - 0x00007ffdcd775000 	C:\WINDOWS\SYSTEM32\UMPDC.dll
0x00007ffdcc5d0000 - 0x00007ffdcc5eb000 	C:\WINDOWS\SYSTEM32\kernel.appcore.dll
0x00007ffdc6ea0000 - 0x00007ffdc6eaa000 	c:\Users\Aliya\.vscode\extensions\redhat.java-1.56.0-win32-x64\jre\21.0.12.1-win32-x86_64\bin\jimage.dll
0x00007ffdcaae0000 - 0x00007ffdcad2c000 	C:\WINDOWS\SYSTEM32\DBGHELP.DLL
0x00007ffdd0020000 - 0x00007ffdd03a5000 	C:\WINDOWS\System32\combase.dll
0x00007ffdce420000 - 0x00007ffdce4f9000 	C:\WINDOWS\System32\OLEAUT32.dll
0x00007ffdb3790000 - 0x00007ffdb37cb000 	C:\WINDOWS\SYSTEM32\dbgcore.DLL
0x00007ffdce0e0000 - 0x00007ffdce18c000 	C:\WINDOWS\System32\bcryptPrimitives.dll
0x00007ffdbc9b0000 - 0x00007ffdbc9bf000 	c:\Users\Aliya\.vscode\extensions\redhat.java-1.56.0-win32-x64\jre\21.0.12.1-win32-x86_64\bin\instrument.dll
0x00007ffd85290000 - 0x00007ffd852b0000 	c:\Users\Aliya\.vscode\extensions\redhat.java-1.56.0-win32-x64\jre\21.0.12.1-win32-x86_64\bin\java.dll
0x00007ffdce520000 - 0x00007ffdcecb8000 	C:\WINDOWS\System32\SHELL32.dll
0x00007ffdcb330000 - 0x00007ffdcbbde000 	C:\WINDOWS\SYSTEM32\windows.storage.dll
0x00007ffdcfbd0000 - 0x00007ffdcfccb000 	C:\WINDOWS\System32\SHCORE.dll
0x00007ffdcfb60000 - 0x00007ffdcfbc6000 	C:\WINDOWS\System32\shlwapi.dll
0x00007ffdcd820000 - 0x00007ffdcd849000 	C:\WINDOWS\SYSTEM32\profapi.dll
0x00007ffd85170000 - 0x00007ffd85188000 	c:\Users\Aliya\.vscode\extensions\redhat.java-1.56.0-win32-x64\jre\21.0.12.1-win32-x86_64\bin\zip.dll
0x00007ffdbcaf0000 - 0x00007ffdbcb00000 	C:\Users\Aliya\.vscode\extensions\redhat.java-1.56.0-win32-x64\jre\21.0.12.1-win32-x86_64\bin\net.dll
0x00007ffdc13d0000 - 0x00007ffdc14fa000 	C:\WINDOWS\SYSTEM32\WINHTTP.dll
0x00007ffdccb90000 - 0x00007ffdccbfc000 	C:\WINDOWS\system32\mswsock.dll
0x00007ffd85150000 - 0x00007ffd85166000 	C:\Users\Aliya\.vscode\extensions\redhat.java-1.56.0-win32-x64\jre\21.0.12.1-win32-x86_64\bin\nio.dll
0x00007ffdb3bd0000 - 0x00007ffdb3be0000 	c:\Users\Aliya\.vscode\extensions\redhat.java-1.56.0-win32-x64\jre\21.0.12.1-win32-x86_64\bin\verify.dll
0x00007ffd84ef0000 - 0x00007ffd84f35000 	C:\Users\Aliya\AppData\Roaming\Code\User\globalStorage\redhat.java\1.56.0\config_win\org.eclipse.equinox.launcher\org.eclipse.equinox.launcher.win32.win32.x86_64_1.3.100.v20260804-1928\eclipse_11924.dll
0x00007ffdcedf0000 - 0x00007ffdcef8a000 	C:\WINDOWS\System32\ole32.dll
0x00007ffdb3760000 - 0x00007ffdb376a000 	C:\Users\Aliya\.vscode\extensions\redhat.java-1.56.0-win32-x64\jre\21.0.12.1-win32-x86_64\bin\management.dll
0x00007ffdadd20000 - 0x00007ffdadd2c000 	C:\Users\Aliya\.vscode\extensions\redhat.java-1.56.0-win32-x64\jre\21.0.12.1-win32-x86_64\bin\management_ext.dll
0x00007ffdced50000 - 0x00007ffdced58000 	C:\WINDOWS\System32\PSAPI.DLL
0x00007ffdcce80000 - 0x00007ffdcce9b000 	C:\WINDOWS\SYSTEM32\CRYPTSP.dll
0x00007ffdcc530000 - 0x00007ffdcc569000 	C:\WINDOWS\system32\rsaenh.dll
0x00007ffdccc40000 - 0x00007ffdccc74000 	C:\WINDOWS\SYSTEM32\USERENV.dll
0x00007ffdcd7f0000 - 0x00007ffdcd81a000 	C:\WINDOWS\SYSTEM32\bcrypt.dll
0x00007ffdccea0000 - 0x00007ffdcceac000 	C:\WINDOWS\SYSTEM32\CRYPTBASE.dll
0x00007ffdcbef0000 - 0x00007ffdcbf23000 	C:\WINDOWS\SYSTEM32\IPHLPAPI.DLL
0x00007ffdd03b0000 - 0x00007ffdd03ba000 	C:\WINDOWS\System32\NSI.dll
0x00007ffdc1fd0000 - 0x00007ffdc2019000 	C:\Users\Aliya\AppData\Local\Temp\jna-63351046\jna2668651783938859482.dll
0x00007ffdc1b80000 - 0x00007ffdc1b9d000 	C:\WINDOWS\SYSTEM32\dhcpcsvc6.DLL
0x00007ffdc1ad0000 - 0x00007ffdc1af5000 	C:\WINDOWS\SYSTEM32\dhcpcsvc.DLL
0x00007ffd85120000 - 0x00007ffd85147000 	C:\Users\Aliya\.gradle\native\1def1411415f61bf3af743bc5b6707747c0891f09f0c88961ee8f79bc544acac\windows-amd64\native-platform.dll
0x00007ffd89130000 - 0x00007ffd89139000 	C:\Users\Aliya\.vscode\extensions\redhat.java-1.56.0-win32-x64\jre\21.0.12.1-win32-x86_64\bin\extnet.dll
0x00007ffd88dd0000 - 0x00007ffd88dde000 	C:\Users\Aliya\.vscode\extensions\redhat.java-1.56.0-win32-x64\jre\21.0.12.1-win32-x86_64\bin\sunmscapi.dll
0x00007ffdce1d0000 - 0x00007ffdce34e000 	C:\WINDOWS\System32\CRYPT32.dll
0x00007ffdcd0c0000 - 0x00007ffdcd0f0000 	C:\WINDOWS\SYSTEM32\ncrypt.dll
0x00007ffdcd070000 - 0x00007ffdcd0af000 	C:\WINDOWS\SYSTEM32\NTASN1.dll
0x00007ffda2960000 - 0x00007ffda2968000 	C:\WINDOWS\system32\wshunix.dll

JVMTI agents:
c:\Users\Aliya\.vscode\extensions\redhat.java-1.56.0-win32-x64\lombok\lombok-1.18.39-4050.jar path:c:\Users\Aliya\.vscode\extensions\redhat.java-1.56.0-win32-x64\jre\21.0.12.1-win32-x86_64\bin\instrument.dll, loaded, initialized, instrumentlib options:none

dbghelp: loaded successfully - version: 4.0.5 - missing functions: none
symbol engine: initialized successfully - sym options: 0x614 - pdb path: .;c:\Users\Aliya\.vscode\extensions\redhat.java-1.56.0-win32-x64\jre\21.0.12.1-win32-x86_64\bin;C:\WINDOWS\SYSTEM32;C:\WINDOWS\WinSxS\amd64_microsoft.windows.common-controls_6595b64144ccf1df_6.0.26100.9278_none_3e0d1ba8e3303201;c:\Users\Aliya\.vscode\extensions\redhat.java-1.56.0-win32-x64\jre\21.0.12.1-win32-x86_64\bin\server;C:\Users\Aliya\AppData\Roaming\Code\User\globalStorage\redhat.java\1.56.0\config_win\org.eclipse.equinox.launcher\org.eclipse.equinox.launcher.win32.win32.x86_64_1.3.100.v20260804-1928;C:\Users\Aliya\AppData\Local\Temp\jna-63351046;C:\Users\Aliya\.gradle\native\1def1411415f61bf3af743bc5b6707747c0891f09f0c88961ee8f79bc544acac\windows-amd64

VM Arguments:
jvm_args: --add-modules=ALL-SYSTEM --add-opens=java.base/java.util=ALL-UNNAMED --add-opens=java.base/java.lang=ALL-UNNAMED --add-opens=java.base/sun.nio.fs=ALL-UNNAMED -Declipse.application=org.eclipse.jdt.ls.core.id1 -Dosgi.bundles.defaultStartLevel=4 -Declipse.product=org.eclipse.jdt.ls.core.product -Djava.import.generatesMetadataFilesAtProjectRoot=false -Dm2e.project.cache.size=50 -DDetectVMInstallationsJob.disabled=true -Dfile.encoding=utf8 -XX:+UseParallelGC -XX:GCTimeRatio=4 -XX:AdaptiveSizePolicyWeight=90 -Dsun.zip.disableMemoryMapping=true -Xmx2G -Xms100m -Xlog:disable -javaagent:c:\Users\Aliya\.vscode\extensions\redhat.java-1.56.0-win32-x64\lombok\lombok-1.18.39-4050.jar -XX:+HeapDumpOnOutOfMemoryError -XX:HeapDumpPath=c:\Users\Aliya\AppData\Roaming\Code\User\workspaceStorage\8e600280ee92bb58369a79cee4cb6d61\redhat.java -Daether.dependencyCollector.impl=bf 
java_command: c:\Users\Aliya\.vscode\extensions\redhat.java-1.56.0-win32-x64\server\plugins\org.eclipse.equinox.launcher_1.8.0.v20260804-1928.jar -configuration c:\Users\Aliya\AppData\Roaming\Code\User\globalStorage\redhat.java\1.56.0\config_win -data c:\Users\Aliya\AppData\Roaming\Code\User\workspaceStorage\8e600280ee92bb58369a79cee4cb6d61\redhat.java\jdt_ws --stdio
java_class_path (initial): c:\Users\Aliya\.vscode\extensions\redhat.java-1.56.0-win32-x64\server\plugins\org.eclipse.equinox.launcher_1.8.0.v20260804-1928.jar
Launcher Type: SUN_STANDARD

[Global flags]
    uintx AdaptiveSizePolicyWeight                 = 90                                        {product} {command line}
     intx CICompilerCount                          = 4                                         {product} {ergonomic}
    uintx GCTimeRatio                              = 4                                         {product} {command line}
     bool HeapDumpOnOutOfMemoryError               = true                                   {manageable} {command line}
    ccstr HeapDumpPath                             = c:\Users\Aliya\AppData\Roaming\Code\User\workspaceStorage\8e600280ee92bb58369a79cee4cb6d61\redhat.java         {manageable} {command line}
   size_t InitialHeapSize                          = 104857600                                 {product} {command line}
   size_t MaxHeapSize                              = 2147483648                                {product} {command line}
   size_t MaxNewSize                               = 715653120                                 {product} {ergonomic}
   size_t MinHeapDeltaBytes                        = 524288                                    {product} {ergonomic}
   size_t MinHeapSize                              = 104857600                                 {product} {command line}
   size_t NewSize                                  = 34603008                                  {product} {ergonomic}
    uintx NonNMethodCodeHeapSize                   = 5839372                                {pd product} {ergonomic}
    uintx NonProfiledCodeHeapSize                  = 122909434                              {pd product} {ergonomic}
   size_t OldSize                                  = 70254592                                  {product} {ergonomic}
    uintx ProfiledCodeHeapSize                     = 122909434                              {pd product} {ergonomic}
    uintx ReservedCodeCacheSize                    = 251658240                              {pd product} {ergonomic}
     bool SegmentedCodeCache                       = true                                      {product} {ergonomic}
   size_t SoftMaxHeapSize                          = 2147483648                             {manageable} {ergonomic}
     bool UseCompressedOops                        = true                           {product lp64_product} {ergonomic}
     bool UseLargePagesIndividualAllocation        = false                                  {pd product} {ergonomic}
     bool UseParallelGC                            = true                                      {product} {command line}

Logging:
Log output configuration:
 #0: stdout all=off uptime,level,tags foldmultilines=false
 #1: stderr all=off uptime,level,tags foldmultilines=false

Release file:
JAVA_VERSION="21.0.12.1" 
MODULES="java.base java.compiler java.datatransfer java.xml java.prefs java.desktop java.instrument java.logging java.management java.security.sasl java.naming java.rmi java.management.rmi java.net.http java.scripting java.security.jgss java.transaction.xa java.sql java.sql.rowset java.xml.crypto java.se java.smartcardio jdk.accessibility jdk.internal.jvmstat jdk.attach jdk.charsets jdk.internal.opt jdk.zipfs jdk.compiler jdk.crypto.ec jdk.crypto.cryptoki jdk.crypto.mscapi jdk.dynalink jdk.internal.ed jdk.editpad jdk.hotspot.agent jdk.httpserver jdk.internal.le jdk.internal.vm.ci jdk.internal.vm.compiler jdk.internal.vm.compiler.management jdk.jartool jdk.javadoc jdk.jcmd jdk.management jdk.management.agent jdk.jconsole jdk.jdeps jdk.jdwp.agent jdk.jdi jdk.jfr jdk.jshell jdk.jsobject jdk.jstatd jdk.localedata jdk.management.jfr jdk.naming.dns jdk.naming.rmi jdk.net jdk.nio.mapmode jdk.random jdk.sctp jdk.security.auth jdk.security.jgss jdk.unsupported jdk.unsupported.desktop jdk.xml.dom" 

Environment Variables:
PATH=C:\Python313\Scripts\;C:\Python313\;C:\Program Files\Eclipse Adoptium\jdk-17.0.14.7-hotspot\bin;C:\Program Files\Common Files\Oracle\Java\javapath;C:\WINDOWS\system32;C:\WINDOWS;C:\WINDOWS\System32\Wbem;C:\WINDOWS\System32\WindowsPowerShell\v1.0\;C:\WINDOWS\System32\OpenSSH\;C:\Program Files (x86)\Microsoft SQL Server\160\Tools\Binn\;C:\Program Files\Microsoft SQL Server\160\Tools\Binn\;C:\Program Files\Microsoft SQL Server\Client SDK\ODBC\170\Tools\Binn\;C:\Program Files\Microsoft SQL Server\160\DTS\Binn\;C:\Program Files (x86)\Microsoft SQL Server\160\DTS\Binn\;D:\flutter\bin;C:\ProgramData\chocolatey\bin;C:\Program Files\nodejs\;C:\Program Files\dotnet\;C:\Program Files\Docker\Docker\resources\bin;C:\Program Files\Git\cmd;C:\Users\Aliya\AppData\Local\Programs\Python\Python312\Scripts\;C:\Users\Aliya\AppData\Local\Programs\Python\Python312\;C:\Users\Aliya\AppData\Local\Microsoft\WindowsApps;C:\Program Files\JetBrains\IntelliJ IDEA Community Edition 2024.2.3\bin;;C:\Program Files\JetBrains\PyCharm Community Edition 2024.2.3\bin;;C:\Users\Aliya\AppData\Local\Programs\Microsoft VS Code\bin;D:\android-sdk\cmdline-tools\latest\bin;C:\tools\flutter\bin;C:\Users\Aliya\AppData\Roaming\npm;C:\Users\Aliya\.dotnet\tools;C:\Users\Aliya\AppData\Local\Pub\Cache\bin
USERNAME=Aliya
OS=Windows_NT
PROCESSOR_IDENTIFIER=AMD64 Family 23 Model 104 Stepping 1, AuthenticAMD
TMP=C:\Users\Aliya\AppData\Local\Temp
TEMP=C:\Users\Aliya\AppData\Local\Temp




Periodic native trim disabled

---------------  S Y S T E M  ---------------

OS:
 Windows 11 , 64 bit Build 26100 (10.0.26100.9444)
OS uptime: 2 days 15:37 hours
Hyper-V role detected

CPU: total 12 (initial active 12) (12 cores per cpu, 2 threads per core) family 23 model 104 stepping 1 microcode 0x8608103, cx8, cmov, fxsr, ht, mmx, 3dnowpref, sse, sse2, sse3, ssse3, sse4a, sse4.1, sse4.2, popcnt, lzcnt, tsc, tscinvbit, avx, avx2, aes, clmul, bmi1, bmi2, adx, sha, fma, vzeroupper, clflush, clflushopt, hv, rdtscp, rdpid, f16c
Processor Information for the first 12 processors :
  Max Mhz: 2100, Current Mhz: 1893, Mhz Limit: 2100

Memory: 4k page, system-wide physical 7514M (761M free)
TotalPageFile size 18457M (AvailPageFile size 14M)
current process WorkingSet (physical memory assigned to process): 605M, peak: 1634M
current process commit charge ("private bytes"): 819M, peak: 1864M

vm_info: OpenJDK 64-Bit Server VM (21.0.12.1+1-LTS) for windows-amd64 JRE (21.0.12.1+1-LTS), built on 2026-08-18T00:00:00Z by "admin" with MS VC++ 17.12 (VS2022)

END.
